'LAKE NAME', 'CONTENTS', 'DATE', 'FUZZY MATCH',Acquire public fishing site,Prohibit use of live minnows for bait,Commercial fisherman to trap net,Discontinue commercial trap netting,Remove size limit,Open to fishing,Acquire land for public access,Opened,Remove all restrictions,Commercial minnow seining,Restriction,Site,Bait,Fishermen,Netting,Limit,Seining,Access,Fishing
MECOSTA_PRETTY_MNGM_0001_1.csv,1. LSI seining completed 5/59. ,1/61 ,0,0,0,0,0,0,0,0,0,0,0,0,0,0,0,0,0,1,0,0
BRANCH_UNION_MNGM_0001_1.csv,"1. m. bass 1928, 29, 38, 39, 41-45.50;  S. m. bass 1923-28, 36; perch 1922,  31, 40; walleyes 1923, 33. Lake  classified and fish species noted  9/39. (Note #4). Seining survey and  water chemistry determined 8/48  (Note #4) ",7/62 ,0,0,0,0,0,0,0,0,0,0,0,0,0,0,0,0,0,1,0,0
BRANCH_UNION_MNGM_0001_1.csv,"4. Biol. surv. done 9/60 and 7/62.  Panfish, bass, n. pike, perch, bullhead,  sucker, carp, dogfish and forage  present. Fishery in excellent  generally above state avg. in growth.  Seining, trap and fyke netting and  chemistries conducted. ",,0,0,0,0,0,0,0,0,0,0,0,0,0,0,0,1,0,1,0,0
MARQUETTE_HASSCIB_MNGM_0002_1.csv,1. Lake treated in fall of 1957. Stocked  in spring and fall in 1958. Designated  a trout lake in '59 & use of minnows  for bait prohibited. ,4/78 ,0,0,0,0,0,0,0,0,0,0,0,0,0,1,0,0,0,0,0,0
STJOSEPH_COREY_MNGM_0001_1.csv,2. Opened to fall rainbow fishing. ,1954 ,0,0,0,0,0,0,0,0,1,0,0,0,0,0,0,0,0,0,0,1
MASON_GUN_MNGM_0004_1.csv,"6. LSI reconnaissance seining com-  pleted May, 1958. ",8/59 ,0,0,0,0,0,0,0,0,0,0,0,0,0,0,0,0,0,1,0,0
IRON_PAINT_MNGM_0004_1.csv,5. USFS plans to develop access.  Management survey carried out by ,,0,0,0,0,0,0,0,0,0,0,0,0,0,0,0,0,0,0,1,0
MACKINAC_BATTYDOE_MNGM_0002_1.csv,1. Opened as recommended 1950 ,1950.0,0,0,0,0,0,0,0,0,1,0,0,0,0,0,0,0,0,0,0,0
OSCODA_SMITH_MNGM_0003_1.csv,1. County Park (no boat access)  developed in early 1970's. ,3/79 ,0,0,0,0,0,0,0,0,0,0,0,0,0,0,0,0,0,0,1,0
MONTCALM_MUD_MNGM_0003_1.csv,4. Public access site acquired  prior to 1960 ,,0,0,0,0,0,0,0,0,0,0,0,0,1,0,0,0,0,0,1,0
MONTCALM_COWDEN_MNGM_0001_1.csv,"3. Lake surveyed, see seine  survey summary  4? Public access site acquired  prior to 1960 ",12/62 ,0,0,0,0,0,0,0,0,0,0,0,0,1,0,0,0,0,0,1,0
OGEMAW_NERO_MNGM_0003_1.csv,8. Access now appears adequate - be-  ing developed by U.S. Forest Service. ,,0,0,0,0,0,0,0,0,0,0,0,0,0,0,0,0,0,0,1,0
BARAGA_LAWS_MNGM_0001_1.csv,5. Lake opened to winter fishing. ,1961 ,0,0,0,0,0,0,0,0,1,0,0,0,0,0,0,0,0,0,0,1
KALAMAZOO_GULL_MNGM_0004_2.csv,8. Seining and creel checks indicate  good population present. ,9/9/69 ,0,0,0,0,0,0,0,0,0,0,0,0,0,0,0,0,0,1,0,0
SCHOOLCRAFT_LOST_MNGM_0003_1.csv,2. Trout net planted because of ques-  tionable access. ,1952.0,0,0,0,0,0,0,0,0,0,0,0,0,0,0,0,0,0,0,1,0
BARRY_PINE_MNGM_0004_1.csv,"4. See survey seining summaries,  1957, 1958, 1959 ",1959 ,0,0,0,0,0,0,0,0,0,0,0,0,0,0,0,0,0,1,0,0
LAKE_HOWES_MNGM_0003_1.csv," winterkilled in the past. Some  seining was done during September,  1951. ",,0,0,0,0,0,0,0,0,0,0,0,0,0,0,0,0,0,1,0,0
LUCE_MCTIVERS_MNGM_0003_1.csv,1. Public Access questioned - not  (IFR). Bryan Hichescell Hunting Club  (north): B & L Keller (south). ,1953.0,0,0,0,0,0,0,0,0,0,0,0,0,0,0,0,0,0,0,1,0
GOGEBIC_REDBOAT_MNGM_0001_1.csv, of 1. m. bass and panfish. A large  vol. of potential trout water is  present. Access to lake is difficult ,8/60 ,0,0,0,0,0,0,0,0,0,0,0,0,0,0,0,0,0,0,1,0
GRANDTRAVERSE_SILVER_MNGM_0003_1.csv,3. Opened for winter rainbow fishing  1961 ,3/67 ,0,0,0,0,0,0,0,0,1,0,0,0,0,0,0,0,0,0,0,1
CALHOUN_GOGUAC_MNGM_0001_1.csv,4. Entire P. A. S. revamped. Access  and parking facilities improved ,9/77 ,0,0,0,0,0,0,0,0,0,0,0,0,0,0,0,0,0,0,1,0
CALHOUN_GOGUAC_MNGM_0001_1.csv,5. Disregard recommendation. Suitable  site not available. ,9/77 ,0,0,0,0,0,0,0,0,0,0,0,0,1,0,0,0,0,0,0,0
JACKSON_SWAINS_MNGM_0001_1.csv,"5. Opened to fall fishing, 1945 ",1950 ,0,0,0,0,0,0,0,0,1,0,0,0,0,0,0,0,0,0,0,1
MARQUETTE_FISH_MNGM_0004_1.csv,6. No access acquired to date. ,7/60 ,0,0,0,0,0,0,0,0,0,0,0,0,0,0,0,0,0,0,1,0
BENZIE_HEREDEENE_MNGM_0003_1.csv,1. Public fishing site purchased  1959 ,12/60 ,0,0,0,0,0,0,0,0,0,0,0,0,1,0,0,0,0,0,0,1
BENZIE_HEREDEENE_MNGM_0003_1.csv,"3. Public fishing site constructed as  APW project, 1963  NOTE: Complaints for two years about  fishing on this lake, mostly concerned  small bluegills. ",1-64 ,0,0,0,0,0,0,0,0,0,0,0,0,1,0,0,0,0,0,0,1
NEWAYGO_BLANCH_MNGM_0003_1.csv," of 1950-51. Some seining done  during September, 1951. ",,0,0,0,0,0,0,0,0,0,0,0,0,0,0,0,0,0,1,0,0
BARRY_DEEPLITTLE_MNGM_0001_1.csv,2. Opened to fall fishing in 1956 ,= ,0,0,0,0,0,0,0,0,1,0,0,0,0,0,0,0,0,0,0,1
MACKINAC_SILVER_MNGM_0003_1.csv,1. Observation made; no public access;  gravel road through Emil Severson's  property SE portion. Woods road  west end passable only in dry season ,LRA1957 ,0,0,0,0,0,0,0,0,0,0,0,0,0,0,0,0,0,0,1,0
LUCE_LOST_MNGM_0003_1.csv,6. Access through CCI-open to public  by their policy (Lands) ,10/48 ,0,0,0,0,0,0,0,0,0,0,0,0,0,0,0,0,0,0,1,0
LUCE_LOST_MNGM_0003_1.csv,5. Posted against use of live bait  (minnows) (FA) ,5/49 ,0,0,0,0,0,0,0,0,0,0,0,0,0,1,0,0,0,0,0,0
MONTCALM_CLIFFORD_MNGM_0001_1.csv,3. Public access site acquired  prior to 1960. ,9/66 ,0,0,0,0,0,0,0,0,0,0,0,0,1,0,0,0,0,0,1,0
CALHOUN_GRAHAM_MNGM_0003_1.csv,4. Waterways Division will cooperate  with township officials to develop  access site.  NOTE: Public access to lake is assured  via township park with an unimproved  boat launching site. ,1/14/76 ,0,0,0,0,0,0,0,0,0,0,0,0,1,0,0,0,0,0,1,0
MUSKEGON_SPRING_MNGM_0002_1.csv,1. Public access site acquired prior  to 1960 ,,0,0,0,0,0,0,0,0,0,0,0,0,1,0,0,0,0,0,1,0
JACKSON_CRISPELL_MNGM_0001_1.csv,"1. m. bass 1937-45; perch 1939;  Public access site purchased  Lake mapped by IFR 2/18,19/52  Biol. survey conducted in summer  1953. Panfish, bass, n. pike, bullheads,  and forage fish noted. Public access  developed. ",7/64 ,0,0,0,0,0,0,0,0,0,0,0,0,1,0,0,0,0,0,1,0
KALAMAZOO_SOUTH_MNGM_0003_1.csv," of 1950-51. Some seining done in  August, 1951. ",,0,0,0,0,0,0,0,0,0,0,0,0,0,0,0,0,0,1,0,0
INGHAM_REDCEDAR_MNGM_0001_1.csv,"5. Netted May, 1972. Hybrid sunfish  appear to be in excellent dondition.  NOTE: Pond is fenced in, and a daytime  gatekeeper is present during summer  prevent access, particularily by  Year of liability dictates this action.  Pond is to open for fishing for iner-city  children when development is completed. ",1/73 ,0,0,0,0,0,0,0,0,0,0,0,0,0,0,0,0,0,0,1,1
MONTMORENCY_ESS_MNGM_0001_1.csv,2. Survey seining and trap netting  completed. ,10/61 ,0,0,0,0,0,0,0,0,0,0,0,0,0,0,0,1,0,1,0,0
MASON_FORD_MNGM_0001_2.csv,14. LSI site survey completed 9/61.  Construction by community  pending approval of Mason  County Highway Commission. ,6/62 ,0,0,0,0,0,0,0,0,0,0,0,0,1,0,0,0,0,0,0,0
LIVINGSTON_WHITMORE_MNGM_0004_2.csv,19. No pike marsh site found to date ,10/69 ,0,0,0,0,0,0,0,0,0,0,0,0,1,0,0,0,0,0,0,0
GOGEBIC_GOGEBIC_MNGM_0001_1.csv,"9. Two sites, Knute Cr. near Bergland  Bay and Hendrick Cr. near Bingham  were surveyed. Hendrick Cr. has a  marsh site of 50-80 acres; Knute Cr.  has few possibilities. ",,0,0,0,0,0,0,0,0,0,0,0,0,1,0,0,0,0,0,0,0
ANTRIM_LAKEOFTHEWOODS_MNGM_0001_1.csv,"1. Plantings, 1933-1943: Smallmouth  bass - 3382; bluegills - 32,950.  Planting of warm-water species to  sustain populations discontinued  state. No fish planted 1944 AND 3. Public fishing site completed  November, 1963. ",1/64 ,0,0,0,0,0,0,0,0,0,0,0,0,1,0,0,0,0,0,0,1
BARRY_CROOKEDUPPER_MNGM_0001_1.csv,1. See survey seining summary of  1957 and 1958 ,2/67 ,0,0,0,0,0,0,0,0,0,0,0,0,0,0,0,0,0,1,0,0
ALLEGAN_PIKE_MNGM_0003_1.csv,3. Opened to fall rainbow fishing. ,4/64 ,0,0,0,0,0,0,0,0,1,0,0,0,0,0,0,0,0,0,0,1
ALLEGAN_PIKE_MNGM_0003_1.csv,4. Public access site acquired and  developed. ,9/66 ,0,0,0,0,0,0,0,0,0,0,0,0,1,0,0,0,0,0,1,0
CHIPPEWA_CARP(BIGTROUT)_MNGM_0003_1.csv,1. Shoal seining 1948 (notes and  refs) BG. ,1948 ,0,0,0,0,0,0,0,0,0,0,0,0,0,0,0,0,0,1,0,0
GOGEBIC_BANNER_MNGM_0002_1.csv,1. Survey shows lake contains good  population of fair sized crappies  and perch. Lake very inaccessible ,8/62 ,0,0,0,0,0,0,0,0,0,0,0,0,0,0,0,0,0,0,1,0
MARQUETTE_GOLDMINE_MNGM_0003_1.csv, No access problem to date although  no publicly owned frontage. ,6/53 ,0,0,0,0,0,0,0,0,0,0,0,0,0,0,0,0,0,0,1,0
EATON_HOBART_MNGM_0002_1.csv,1. Reconnaissance survey indicates  site is available. ,1965.0,0,0,0,0,0,0,0,0,0,0,0,0,1,0,0,0,0,0,0,0
IRON_RAILROAD_MNGM_0003_1.csv,3. Lake surveyed. Resident warmwater  species doing well. Public access  poor. ,7/67 ,0,0,0,0,0,0,0,0,0,0,0,0,0,0,0,0,0,0,1,0
ALLEGAN_HUTCHINS_MNGM_0001_1.csv,8. Pike marsh site located and 1st yr  operation-1976. ,12/72 ,0,0,0,0,0,0,0,0,0,0,0,0,1,0,0,0,0,0,0,0
ALLEGAN_MINER_MNGM_0003_1.csv,1. Public access site purchased ,12/60 ,0,0,0,0,0,0,0,0,0,0,0,0,1,0,0,0,0,0,1,0
ALLEGAN_MINER_MNGM_0003_1.csv,4. Public access site developed.  6X Proposed  xsharing ,1964 ,0,0,0,0,0,0,0,0,0,0,0,0,1,0,0,0,0,0,1,0
MACKINAC_STROUBLE_MNGM_0003_1.csv,1. Opened to commercial seining of  minnows 1952 ,1952.0,0,0,0,0,0,0,0,0,1,0,0,0,0,0,0,0,0,1,0,0
ANTRIM_BELLAIRE_MNGM_0001_1.csv,1. Opened to fall rainbow fishing in ,1/29/4 ,0,0,0,0,0,0,0,0,1,0,0,0,0,0,0,0,0,0,0,1
IRON_ICE_MNGM_0001_1.csv,3. Lake surveyed. Excessive sucker  population indicated; predator  population low. 4. Deferred until access site  is developed. ,,0,0,0,0,0,0,0,0,0,0,0,0,1,0,0,0,0,0,1,0
SCHOOLCRAFT_BASSLITTLE_MNGM_0001_1.csv,"2. Channel not opened; lake level back  to normal 1961. See correspondencet  6/4, 7/69-ISFS repaired outlet. ",1961 ,0,0,0,0,0,0,0,0,1,0,0,0,0,0,0,0,0,0,0,0
DELTA_BANANA_MNGM_0003_1.csv,"3. Netting in fall 1953 produced 3  trout, substantial population of  (stunted?) perch and rock bass;  fishing pressure light with poor  returns. Potential not great enough  at present to warrant eradication  warm water species. Access also  poor.  C. O. Derwin reports some trout  caught summer 1955( species not  by him) ",1953.0,0,0,0,0,0,0,0,0,0,0,0,0,0,0,0,1,0,0,1,1
DELTA_BANANA_MNGM_0003_1.csv,13. Opened 1968 ,1955.0,0,0,0,0,0,0,0,0,1,0,0,0,0,0,0,0,0,0,0,0
BARAGA_ROLLAND_MNGM_0003_1.csv,14. Site obtained and developed ,- ,0,0,0,0,0,0,0,0,0,0,0,0,1,0,0,0,0,0,0,0
LUCE_TANK_MNGM_0003_1.csv,7. Opened to fall rainbow fishing 1952 ,1952.0,0,0,0,0,0,0,0,0,1,0,0,0,0,0,0,0,0,0,0,1
LUCE_TANK_MNGM_0003_1.csv,14. Opened as recommended. ,1969.0,0,0,0,0,0,0,0,0,1,0,0,0,0,0,0,0,0,0,0,0
HOUGHTON_THIRTEENMILE_MNGM_0002_1.csv,3. Dropped. Access difficult. ,2/65 ,0,0,0,0,0,0,0,0,0,0,0,0,0,0,0,0,0,0,1,0
IRON_SWAN_MNGM_0001_1.csv,1. Public access acquired in 1954.  Not improved to date. ,11/60 ,0,0,0,0,0,0,0,0,0,0,0,0,0,0,0,0,0,0,1,0
IRON_SWAN_MNGM_0001_1.csv,1. Public fishing site improvement  made fall of 1961. ,1/11/62 ,0,0,0,0,0,0,0,0,0,0,0,0,1,0,0,0,0,0,0,1
CHARLEVOIX_BARNEYS_MNGM_0001_1.csv,5. Public access site acquired. ,1/61 ,0,0,0,0,0,0,0,0,0,0,0,0,1,0,0,0,0,0,1,0
STJOSEPH_PLEASANT_MNGM_0002_1.csv,2. Opened to fall rainbow fishing. ,1954 ,0,0,0,0,0,0,0,0,1,0,0,0,0,0,0,0,0,0,0,1
STJOSEPH_LONG_MNGM_0003_1.csv,2. Public fishing site acquired 1961 ,1/67 ,0,0,0,0,0,0,0,0,0,0,0,0,1,0,0,0,0,0,0,1
OTSEGO_PICKEREL_MNGM_0001_1.csv,6. Opened to fall rainbow fishing. ,1/51 ,0,0,0,0,0,0,0,0,1,0,0,0,0,0,0,0,0,0,0,1
OTSEGO_PICKEREL_MNGM_0001_1.csv,11. Survey seining and trap net-  ting completed. ,,0,0,0,0,0,0,0,0,0,0,0,0,0,0,0,0,0,1,0,0
MARQUETTE_WOLF_MNGM_0001_2.csv,9. Placed on designated trout lake  list in 1965. Minnow restriction  cancelled. ,10/68 ,0,0,0,0,0,0,0,0,0,0,0,1,0,0,0,0,0,0,0,0
GENESSE_BRYAM_MNGM_0003_1.csv,1. Survey seining indicated stunted  panfish pop. No pike taken. ,5/7/62 ,0,0,0,0,0,0,0,0,0,0,0,0,0,0,0,0,0,1,0,0
ANTRIM_GREEN_MNGM_0001_2.csv,5. Public fishing site improved 8/61. ,12/61 ,0,0,0,0,0,0,0,0,0,0,0,0,1,0,0,0,0,0,0,1
DICKINSON_DEER_MNGM_0003_1.csv,1. No public access available to date ,10/62 ,0,0,0,0,0,0,0,0,0,0,0,0,0,0,0,0,0,0,1,0
SHIAWASSEE_COOKS_MNGM_0001_1.csv,1. Reconnaissance survey indicates  site is suitable. ,1966.0,0,0,0,0,0,0,0,0,0,0,0,0,1,0,0,0,0,0,0,0
SCHOOLCRAFT_ISLAND_MNGM_0003_1.csv,6. Pub. fish. site acquired on Dodge  1954 (Lands) ,1954.0,0,0,0,0,0,0,0,0,0,0,0,0,1,0,0,0,0,0,0,0
SCHOOLCRAFT_ISLAND_MNGM_0003_1.csv,6. Pub. fish. site dev. on Dodge L.  1956-57(P  5-7. 1300-2000(L) rainbow stocked  (per year) 1955-61 (FC) ,1957.0,0,0,0,0,0,0,0,0,0,0,0,0,1,0,0,0,0,0,0,0
SCHOOLCRAFT_ISLAND_MNGM_0003_1.csv,8. Opened to fall fishing for rainbow  1958. ,1961.0,0,0,0,0,0,0,0,0,1,0,0,0,0,0,0,0,0,0,0,1
SCHOOLCRAFT_ISLAND_MNGM_0003_1.csv,9. Opened to winter fishing for  rainbow  1959-60. ,1958.0,0,0,0,0,0,0,0,0,1,0,0,0,0,0,0,0,0,0,0,1
LIVINGSTON_WHITMORE_MNGM_0004_1.csv,2. Opened to year-round fishing for 5  by Cons. Comm. order. ,1/46 ,0,0,0,0,0,0,0,0,1,0,0,0,0,0,0,0,0,0,0,1
LIVINGSTON_WHITMORE_MNGM_0004_1.csv,"6. Opened to spearing for these species  during the night time 5/15-6/15 and  7/15-8/15, by Cons. Comm. order ",4/48 ,0,0,0,0,0,0,0,0,1,0,0,0,0,0,0,0,0,0,0,0
LAPEER_DAVIDSON_MNGM_0003_1.csv,4. Stocking continued annually and  opened to special fall season ,12/55 ,0,0,0,0,0,0,0,0,1,0,0,0,0,0,0,0,0,0,0,0
MARQUETTE_TWIN_MNGM_0001_1.csv,2. Designated a trout lake in 1945 &  use of live minnows for bait prohibited. ,8-61 ,0,0,0,0,0,0,0,0,0,0,0,0,0,1,0,0,0,0,0,0
MARQUETTE_TWIN_MNGM_0001_1.csv,7. Opened to fall rainbow fishing in ,,0,0,0,0,0,0,0,0,1,0,0,0,0,0,0,0,0,0,0,1
JACKSON_BATTEESE_MNGM_0001_1.csv,"2. Seining survey conducted by LSI  16/61. 1. m. bass, bluegill near  average, black crappie, perch and  below state average in growth. ",7/61 ,0,0,0,0,0,0,0,0,0,0,0,0,0,0,0,0,0,1,0,0
JACKSON_BATTEESE_MNGM_0001_1.csv,"3. Fishery survey conducted May 20,  21, 1976 with gill , fyke and trap  nets. Panfish in excellent condition.  Carp populations not impressive.  reclamation not warranted.  NOTE: Some riparian owners claim carp  are too numerous. Lake does have  public access. ",11/76 ,0,0,0,0,0,0,0,0,0,0,0,0,0,0,0,0,0,0,1,0
KALKASKA_TWINBIG_MNGM_0003_1.csv,5. Opened to fall rainbow  fishing 1949. ,5/55 ,0,0,0,0,0,0,0,0,1,0,0,0,0,0,0,0,0,0,0,1
CASS_CURTIS_MNGM_0003_1.csv,1. Opened to cisco netting. ,1949.0,0,0,0,0,0,0,0,0,1,0,0,0,0,0,0,1,0,0,0,0
GRANDTRAVERSE_GREEN_MNGM_0001_1.csv,9. Public Fishing site purchased  1957; developed 1959. ,2/60 ,0,0,0,0,0,0,0,0,0,0,0,0,1,0,0,0,0,0,0,1
MACKINAC_FIBORNTROUT_MNGM_0002_1.csv,5. Opened as recommended. ,1967 ,0,0,0,0,0,0,0,0,1,0,0,0,0,0,0,0,0,0,0,0
MACKINAC_FIBORNTROUT_MNGM_0002_1.csv,6. Opened as recommended. ,1968 ,0,0,0,0,0,0,0,0,1,0,0,0,0,0,0,0,0,0,0,0
ALGER_BAYWEST_MNGM_0002_1.csv,1. Opened 1961-62 season. ,1961.0,0,0,0,0,0,0,0,0,1,0,0,0,0,0,0,0,0,0,0,0
KALAMAZOO_HAMILTON_MNGM_0003_1.csv,4. Limited access obtained.  Seventy-five cents per day or  $5.00 per season. Furnish one  boat. ,7/57 ,0,0,0,0,0,0,0,0,0,0,0,0,0,0,0,0,1,0,1,0
SCHOOLCRAFT_DUTCHFRED_MNGM_0003_2.csv,16. Opened 1968. ,1972 ,0,0,0,0,0,0,0,0,1,0,0,0,0,0,0,0,0,0,0,0
GOGEBIC_BLUEJAY_MNGM_0001_1.csv,3. Lake opened to commercial  minnow fishing. ,1/62 ,0,0,0,0,0,0,0,0,1,0,0,0,0,0,0,0,0,0,0,1
NEWAYGO_FORD_MNGM_0003_1.csv,1. State-owned land retained but  site not developed. ,,0,0,0,0,0,0,0,0,0,0,0,0,1,0,0,0,0,0,0,0
IONIA_LIBHARTLOWER_MNGM_0002_1.csv,1. Reconnaissance survey indicates  site suitable ,11/63 ,0,0,0,0,0,0,0,0,0,0,0,0,1,0,0,0,0,0,0,0
MONTMORENCY_WOLFBIG_MNGM_0001_1.csv,2. Delete. No public access. ,2/72 ,0,0,0,0,0,0,0,0,0,0,0,0,0,0,0,0,0,0,1,0
CALHOUN_DUCK_MNGM_0001_1.csv,"5. Seining survey conducted by LSI  6/12, 15/61. Fishery appears in  excellent condition. Panfish, perch,  bass, n. pike, bullhead, walleye,  gar, dogfish and forage fish. ",8/68 ,0,0,0,0,0,0,0,0,0,0,0,0,0,0,0,0,0,1,0,0
MECOSTA_CHIPPEWA_MNGM_0003_1.csv,1. Tubes and spawning areas inspected  several times in spring of years  since 1952. One tube has been  replaced with a large culvert.  barrier or stranding is now  to  occur. 2. LSI survey completed 9/61 for  Mecosta County Rod & Gun Club  community project. Site adoption  pending approval by County  Commission and receipt of blue-  prints. ,10/61 ,0,0,0,0,0,0,0,0,0,0,0,0,1,0,0,0,0,0,0,0
GOGEBIC_POMEROY_MNGM_0001_1.csv,3. Eng. surv. completed;dam sites  located and surveyed ,8/65 ,0,0,0,0,0,0,0,0,0,0,0,0,1,0,0,0,0,0,0,0
STJOSEPH_EVANS_MNGM_0003_1.csv,3. Lake designated as winterkill  lake and opened to unrestricted  hook and line fishing. ,1/67 ,0,0,0,0,0,0,0,0,1,0,0,0,0,0,0,0,0,0,0,1
MACKINAC_EAST_MNGM_0003_1.csv,6. Lake opened to unlimited fishing  during winter-spring season 1956  thousands of fish salvaged. ,1952.0,0,0,0,0,0,0,0,0,1,0,0,0,0,0,0,0,1,0,0,1
BARAGA_PRICKETTBACKWATER_MNGM_0001_1.csv,6. Public fishing site obtained and  developed. ,- ,0,0,0,0,0,0,0,0,0,0,0,0,1,0,0,0,0,0,0,1
ALGER_SHOENORTH_MNGM_0001_1.csv,5. Opened in 1961 season. ,9/60 ,0,0,0,0,0,0,0,0,1,0,0,0,0,0,0,0,0,0,0,0
ALGER_SHOENORTH_MNGM_0001_1.csv,8. Opened to winter fishing 1968 ,1967 ,0,0,0,0,0,0,0,0,1,0,0,0,0,0,0,0,0,0,0,1
LUCE_MUSGRAVE_MNGM_0003_1.csv,2. CCI property-not for sale; all  lands not under lease open to  public; no restrictions by present  leasee. Access OK ,1948.0,0,0,0,0,0,0,0,0,0,0,0,1,0,0,0,0,0,0,1,0
GOGEBIC_IMP_MNGM_0001_1.csv,1. Designated trout lake. Opened for  41 fall rainbow fishing in 1946 ,1945 ,0,0,0,0,0,0,0,0,1,0,0,0,0,0,0,0,0,0,0,1
OSCODA_MACK_MNGM_0003_1.csv,"2. 16 adult northern pike 19""  planted.  Intensive seining failed to show any  young of the year or adult pike, 1  adult reported caught by anglers. ",6/52 ,0,0,0,0,0,0,0,0,0,0,0,0,0,0,0,0,0,1,0,0
SHIAWASSEE_BEARCREEK_MNGM_0002_1.csv,1. Reconnaissance surv. indicates  site is suitable. ,1/63 ,0,0,0,0,0,0,0,0,0,0,0,0,1,0,0,0,0,0,0,0
KALKASKA_LOG_MNGM_0003_1.csv,3. Opened to fall rainbow fishing  1949. ,4/55 ,0,0,0,0,0,0,0,0,1,0,0,0,0,0,0,0,0,0,0,1
OTTAWA_LLOYDS_MNGM_0001_1.csv,1. Public access site acquired  prior to 1960. ,,0,0,0,0,0,0,0,0,0,0,0,0,1,0,0,0,0,0,1,0
LIVINGSTON_THOMPSON_MNGM_0003_1.csv,"3. Lake has no public access, delete  mgt. recommendation. ",1966 ,0,0,0,0,0,0,0,0,0,0,0,0,0,0,0,0,0,0,1,0
CLINTON_NONAME_MNGM_0002_1.csv,1. Reconnaissance survey indicates  site is suitable. ,1965.0,0,0,0,0,0,0,0,0,0,0,0,0,1,0,0,0,0,0,0,0
DICKINSON_ROCK_MNGM_0002_1.csv,1. Access road improved 1961 ,11/61 ,0,0,0,0,0,0,0,0,0,0,0,0,0,0,0,0,0,0,1,0
DICKINSON_CRYSTAL_MNGM_0003_1.csv,4. Done. Lake open for commercial  minnow seining. ,10/62 ,0,0,0,0,0,0,0,0,0,0,0,0,0,0,0,0,0,1,0,0
DELTA_GOOSENECK_MNGM_0001_1.csv,4. Population apparently unchanged  since 1941. Comment by E. W.  Roeloffs (#1 opposite) except  L.M. and S.M. bass more common. ,1/61 ,0,0,0,0,0,0,0,0,0,0,0,0,1,0,0,0,0,0,0,0
PRESQUE_ESAU_MNGM_0001_2.csv,10. Usable site developed by ,1/7/64 ,0,0,0,0,0,0,0,0,0,0,0,0,1,0,0,0,0,0,0,0
IRON_SUNSET_MNGM_0001_1.csv,2. Lake opened to fall rainbow fishing  in 1953.  Very poor fishing for rainbow in  1954-1955. ,3-55 ,0,0,0,0,0,0,0,0,1,0,0,0,0,0,0,0,0,0,0,1
IRON_HANNAHWEBB_MNGM_0001_2.csv,13. Lake access scheduled by USFS  fiscal year 1968. Cont. stocking ,3/72 ,0,0,0,0,0,0,0,0,0,0,0,0,0,0,0,0,0,0,1,0
BARAGA_BEAUFORT_MNGM_0001_1.csv,5. Site included in dedicated list  dated 2/61. ,3/63 ,0,0,0,0,0,0,0,0,0,0,0,0,1,0,0,0,0,0,0,0
BARAGA_BEAUFORT_MNGM_0001_1.csv,6. Site developed. Integrated into  state forest campground. ,1963 ,0,0,0,0,0,0,0,0,0,0,0,0,1,0,0,0,0,0,0,0
CLARE_BERTHA_MNGM_0001_1.csv,"3. No seining due to winterkill 158-59.  Lake poisoned May 12, 1959. ",5/59 ,0,0,0,0,0,0,0,0,0,0,0,0,0,0,0,0,0,1,0,0
MARQUETTE_PERCH_MNGM_0006_1.csv,"7. Brook trout planted 1949,50 & 51.  Resultant fishery excellent but  only access road padlocked in 1952. ",11-52 ,0,0,0,0,0,0,0,0,0,0,0,0,0,0,0,0,0,0,1,0
OTSEGO_BIGBEAR_MNGM_0002_1.csv,6. Seining completed fall of $60. ,4/61 ,0,0,0,0,0,0,0,0,0,0,0,0,0,0,0,0,0,1,0,0
IRON_TEPEE_MNGM_0001_1.csv,1. Access is being improved by Ottawa  Forest Improvement Association. ,12/60 ,0,0,0,0,0,0,0,0,0,0,0,0,0,0,0,0,0,0,1,0
IRON_TEPEE_MNGM_0001_1.csv,1. (Cont.) Boat landing and access  constructed by U. S. Forest Serv.  in 1962. ,10/62 ,0,0,0,0,0,0,0,0,0,0,0,0,0,0,0,0,0,0,1,0
BARRY_MILL_MNGM_0003_1.csv,7. Preliminary investigation indicates  poor site present. ,2/73 ,0,0,0,0,0,0,0,0,0,0,0,0,1,0,0,0,0,0,0,0
BARAGA_SIXMILECREEK_MNGM_0001_1.csv,"2. Excellent site for 15-20 acre pond  located on state-owned land in  Sec. 20, T50N, R34W. TBD ",8/65 ,0,0,0,0,0,0,0,0,0,0,0,0,1,0,0,0,0,0,0,0
HILLSDALE_BAWBEESE_MNGM_0001_1.csv,2. Lake seined by LSI 5/6/65.  fish of any species are above  average. while younger fish are  below state average. Lake has  good pike marsh site 2 acres  in size. ,9/63 ,0,0,0,0,0,0,0,0,0,0,0,0,1,0,0,0,0,0,0,0
HILLSDALE_BAWBEESE_MNGM_0001_1.csv,4. Disregard recommendation. Suitable  site not located. ,,0,0,0,0,0,0,0,0,0,0,0,0,1,0,0,0,0,0,0,0
LUCE_OLDHEADQUARTERS_MNGM_0003_1.csv,3. Gill nets & seining in on 7/26-27/60  produced no fish. (Mgt.) ,1963.0,0,0,0,0,0,0,0,0,0,0,0,0,0,0,0,0,0,1,0,0
BENZIE_BROOKS_MNGM_0002_1.csv,"3. Public fishing site constructed  as APW project, 1963 ",-64 ,0,0,0,0,0,0,0,0,0,0,0,0,1,0,0,0,0,0,0,1
MACKINAC_MCALPINE_MNGM_0001_1.csv,10. Opened as recommended. ,1968 ,0,0,0,0,0,0,0,0,1,0,0,0,0,0,0,0,0,0,0,0
MACKINAC_MILLECOQUIN_MNGM_0005_1.csv,1. Pub. fish. site purchase 1952;  developed 1953-54. ,1954.0,0,0,0,0,0,0,0,0,0,0,0,0,1,0,0,0,0,0,0,0
ALGER_WOLF_MNGM_0001_1.csv,1. Opened as recommended 1960 ,1960.0,0,0,0,0,0,0,0,0,1,0,0,0,0,0,0,0,0,0,0,0
OTSEGO_OPAL_MNGM_0003_1.csv,6. Seining completed 5/62 ,8/56 ,0,0,0,0,0,0,0,0,0,0,0,0,0,0,0,0,0,1,0,0
ALGER_UNNAMED_MNGM_0002_2.csv,10. No plants since 1964. Poor  access and little use. ,,0,0,0,0,0,0,0,0,0,0,0,0,0,0,0,0,0,0,1,0
ALGER_NAWAKWA_MNGM_0001_1.csv,"1. Access acquired 6/4/64, Sec. 19  (E 40' of W 200' Gov't Lot 3 with  66' ROW to Co. Rd. 703 (Lands) ",1967 ,0,0,0,0,0,0,0,0,0,0,0,0,0,0,0,0,0,0,1,0
ALGER_NAWAKWA_MNGM_0001_1.csv,1. Access site developed by 1966 ,1967 ,0,0,0,0,0,0,0,0,0,0,0,0,1,0,0,0,0,0,1,0
SCHOOLCRAFT_DUTCHFRED_MNGM_0003_1.csv,2. Lake posted against use of live bait  for fishing 1950; trout fishing  reported good 1950 and no y. perch  caught. ,1949.0,0,0,0,0,0,0,0,0,0,0,0,0,0,1,0,0,0,0,0,1
SCHOOLCRAFT_DUTCHFRED_MNGM_0003_1.csv,7. Public fishing site developed summer ,1957.0,0,0,0,0,0,0,0,0,0,0,0,0,1,0,0,0,0,0,0,1
CALHOUN_DUCK_MNGM_0001_2.csv,7. Disregard recommendation. Suitable  site not available. ,5/79 ,0,0,0,0,0,0,0,0,0,0,0,0,1,0,0,0,0,0,0,0
DICKINSON_MOON_MNGM_0003_1.csv,1. Private lake with access not likely ,11/66 ,0,0,0,0,0,0,0,0,0,0,0,0,0,0,0,0,0,0,1,0
MENOMINEE_HAYWARD_MNGM_0002_1.csv,1. Access available.  2 & 3. This lake has top priority  with duck management. Fisheries  be managed as secondary product.  Survey and oxygen survey will be  conducted only if other priority work  is completed. ,11/66 ,0,0,0,0,0,0,0,0,0,0,0,0,0,0,0,0,0,0,1,0
OGEMAW_DEVOE_MNGM_0003_2.csv,12. Opened to fall fishing in 1949. ,4/61 ,0,0,0,0,0,0,0,0,1,0,0,0,0,0,0,0,0,0,0,1
BARRY_BRISTOL_MNGM_0003_1.csv,2. Public access site developed ,1962 ,0,0,0,0,0,0,0,0,0,0,0,0,1,0,0,0,0,0,1,0
MACKINAC_EAST_MNGM_0003_2.csv,"7. Made reconnaissance of fishing  site possibilities. USFS (Wilson-  Clayton) indicate possible camp  site development in future --year  not assured. Good site possibilities  within half mile of truck trail--  SW, NW, sec. 10. ",1961.0,0,0,0,0,0,0,0,0,0,0,0,0,1,0,0,0,0,0,0,1
KALAMAZOO_TWIN_MNGM_0003_1.csv," of 1950-51, some seining done in  Aug., 1951; a wide variety of fish  taken. ",1/73 ,0,0,0,0,0,0,0,0,0,0,0,0,0,0,0,0,0,1,0,0
CHIPPEWA_MUNUSCONG_MNGM_0002_1.csv,"2. Public fishing site and forest  campground developed on Sec. 15  T44N, R1E, in 1961 (FA and  Forestry) ",1963 ,0,0,0,0,0,0,0,0,0,0,0,0,1,0,0,0,0,0,0,1
BRANCH_LAVINE_MNGM_0001_1.csv,5. Public access site purchased 7/19 ,1965 ,0,0,0,0,0,0,0,0,0,0,0,0,1,0,0,0,0,0,1,0
MARQUETTE_SECTION14_MNGM_0001_1.csv,4. Use of life fish for bait pro-  hibited beginning 1954. ,1960 ,0,0,0,0,0,0,0,0,0,0,0,0,0,1,0,0,0,0,0,0
MARQUETTE_SECTION14_MNGM_0001_1.csv,5. Lease agreement for public access  accomplished 1954 with Bonifas  Lumber Company. ,1960 ,0,0,0,0,0,0,0,0,0,0,0,0,0,0,0,0,0,0,1,0
IONIA_MORRISON_MNGM_0001_1.csv,6. Public access site acquired  prior to 1960. ,8/66 ,0,0,0,0,0,0,0,0,0,0,0,0,1,0,0,0,0,0,1,0
BARRY_PAYNE_MNGM_0001_1.csv,1. Public access site purchased  and developed ,2/67 ,0,0,0,0,0,0,0,0,0,0,0,0,1,0,0,0,0,0,1,0
IRON_JAMES_MNGM_0001_1.csv,3. 7000 (F) small-mouthed bass  introduced 1951.  Seining done in 1954 indicated  fair numbers of young of the  year largemouth bass but no  smallmouth bass. ,2/1954 ,0,0,0,0,0,0,0,0,0,0,0,0,0,0,0,0,0,1,0,0
OAKLAND_ELIZABETH_MNGM_0002_1.csv,4. Not done. No assured public access. ,,0,0,0,0,0,0,0,0,0,0,0,0,0,0,0,0,0,0,1,0
OTSEGO_DOUGLAS_MNGM_0001_1.csv,"2. Deleted, county access available ",1/74 ,0,0,0,0,0,0,0,0,0,0,0,0,0,0,0,0,0,0,1,0
CALHOUN_LOWERBRACE_MNGM_0003_1.csv,3. Seining surv. conducted by LSI  9/21/60. Fish appear to be slow  growing from data collected ,1962 ,0,0,0,0,0,0,0,0,0,0,0,0,0,0,0,0,0,1,0,0
JACKSON_BROWNS_MNGM_0001_1.csv,"2. Fyke and gill net survey 9/25,25/73.  Fishery appears to be in good condition;  warm water fishery predominates  although cisco are present.  NOTE: Lake is in the Grand River  upstream from the city of Jackson.  public access by land; access by boat  moderate. Riparian owner on lake has  rainbow trout in fall, with permit,  1974, 1975 and 1976. ",1977.0,0,0,0,0,0,0,0,0,0,0,0,0,0,0,0,0,0,0,1,0
IRON_HANNAHWEBB_MNGM_0001_1.csv,2. Opened to Fall fishing in 1946? ,1944 ,0,0,0,0,0,0,0,0,1,0,0,0,0,0,0,0,0,0,0,1
KALAMAZOO_PAWPAW_MNGM_0003_1.csv,1. Public access acquired ,1954 ,0,0,0,0,0,0,0,0,0,0,0,0,0,0,0,0,0,0,1,0
KALAMAZOO_PAWPAW_MNGM_0003_1.csv,2. Opened to fall rainbow fishing ,1950 ,0,0,0,0,0,0,0,0,1,0,0,0,0,0,0,0,0,0,0,1
PRESQUE_ESAU_MNGM_0001_1.csv,7. Seining and netting completed  7/62. ,,0,0,0,0,0,0,0,0,0,0,0,0,0,0,0,1,0,1,0,0
HILLSDALE_HEMLOCK_MNGM_0001_1.csv,"1. General surveys conducted 1927,  1939. Panfish predominate. Stocking:  1937-45; 1. m. bass 1938-45; perch  public ascess site purchased  access site developed. Lake mapped ",and ,0,0,0,0,0,0,0,0,0,0,0,0,1,0,0,0,0,0,1,0
MACKINAC_REXTON_MNGM_0003_1.csv,1. Open to minnow seining 1952.  Minnow dealer W. Duquette & Co.  W. McDonald report ratio of 50  small perch to one minnow. ,1952.0,0,0,0,0,0,0,0,0,0,0,0,0,0,0,0,0,0,1,0,0
MACKINAC_REXTON_MNGM_0003_1.csv,3. Removed from minnow seining  list of lakes and streams ,1967.0,0,0,0,0,0,0,0,0,0,0,0,0,0,0,0,0,0,1,0,0
CLARE_ARNOLD_MNGM_0003_1.csv,8. Lake opened in 1960. ,1/60 ,0,0,0,0,0,0,0,0,1,0,0,0,0,0,0,0,0,0,0,0
GRANDTRAVERSE_TWINNORTH_MNGM_0003_1.csv, be secured through 4-H Club  property on east side of lake  Temperature & chemistry  series repeated.  Public access assured. ,1951 ,0,0,0,0,0,0,0,0,0,0,0,0,0,0,0,0,0,0,1,0
GRANDTRAVERSE_TWINNORTH_MNGM_0003_1.csv,3. Opened to fall rainbow fish-  ing 1949. ,3/55 ,0,0,0,0,0,0,0,0,1,0,0,0,0,0,0,0,0,0,0,0
ALLEGAN_BASELINE_MNGM_0001_1.csv,2. Public access acquired ,1964 ,0,0,0,0,0,0,0,0,0,0,0,0,0,0,0,0,0,0,1,0
ALLEGAN_BASELINE_MNGM_0001_1.csv,3. Access site developed. ,4/78 ,0,0,0,0,0,0,0,0,0,0,0,0,1,0,0,0,0,0,1,0
CASS_HEMLOCK_MNGM_0003_1.csv,5. Local inquiry indicates fair  Opened to fall rainbow fishing(1950). ,1/79 ,0,0,0,0,0,0,0,0,1,0,0,0,0,0,0,0,0,0,0,1
MACKINAC_PEGGLEY_MNGM_0002_1.csv,1. Opened as recommended 1952. ,1952.0,0,0,0,0,0,0,0,0,1,0,0,0,0,0,0,0,0,0,0,0
IRON_GOLDEN_MNGM_0001_4.csv,"18. Added to list of waters open to  fishing with hook and line for  rainbow trout in 1961, also for  Dec-Jan-Feb 1961-62 season.  Also opened to year-round fishing  for any species in season ",,0,0,0,0,0,0,0,0,1,0,0,0,0,0,0,0,0,0,0,1
GOGEBIC_EEL_MNGM_0001_1.csv,2. Access site developed by USFS ,1965 ,0,0,0,0,0,0,0,0,0,0,0,0,1,0,0,0,0,0,1,0
LUCE_DEER_MNGM_0002_1.csv,l. Not accessible. ,1953 ,0,0,0,0,0,0,0,0,0,0,0,0,0,0,0,0,0,0,1,0
LAKE_IDLEWILD_MNGM_0001_1.csv,4. Inventory indicated that introduction  of N. pike not advisable because  of a scarcity of spawning sites. ,7/54 ,0,0,0,0,0,0,0,0,0,0,0,0,1,0,0,0,0,0,0,0
MONTMORENCY_AVALON_MNGM_0001_1.csv,1. Public fishing site purchased  and developed. ,10/49 ,0,0,0,0,0,0,0,0,0,0,0,0,1,0,0,0,0,0,0,1
PRESQUE_TOMAHAWKLITTLE_MNGM_0001_1.csv,1. Public fishing site developed 1965 ,12/66 ,0,0,0,0,0,0,0,0,0,0,0,0,1,0,0,0,0,0,0,1
MARQUETTE_ANGELINE_MNGM_0001_2.csv,9. Opened to winter season 1/60.  Catches fair. ,1/60 ,0,0,0,0,0,0,0,0,1,0,0,0,0,0,0,0,0,0,0,0
MONTMORENCY_WESTTWIN_MNGM_0001_1.csv,2. Pike marsh survey completed by  LSL. Site inspected not feasible  for management. ,11/61 ,0,0,0,0,0,0,0,0,0,0,0,0,1,0,0,0,0,0,0,0
CHEBOYGAN_LONG_MNGM_0001_1.csv,1. Survey seining and trap netting  completed. ,10/61 ,0,0,0,0,0,0,0,0,0,0,0,0,0,0,0,1,0,1,0,0
CHEBOYGAN_LONG_MNGM_0001_1.csv,2. Public fishing site developed  May 1962. ,9/62 ,0,0,0,0,0,0,0,0,0,0,0,0,1,0,0,0,0,0,0,1
MARQUETTE_SWANZY_MNGM_0003_1.csv,7. Done thru 1966. Problems developed  of access site and condition of  access road. ,1953 ,0,0,0,0,0,0,0,0,0,0,0,0,1,0,0,0,0,0,1,0
NEWAYGO_CRYSTAL_MNGM_0001_2.csv,9. (con't) Poisoning killed virtually  100% of game fish population.  Subsequent seining established  necessity for stocking game fish. ,12/59 ,0,0,0,0,0,0,0,0,0,0,0,0,0,0,0,0,0,1,0,0
NEWAYGO_CRYSTAL_MNGM_0001_2.csv,13. LSI seining completed 5/61 ,6/62 ,0,0,0,0,0,0,0,0,0,0,0,0,0,0,0,0,0,1,0,0
ALGER_ACKERMAN_MNGM_0001_1.csv,9. Access site developed  Highway re-routing resulted in  filling part of north side of lake ,1/49 ,0,0,0,0,0,0,0,0,0,0,0,0,1,0,0,0,0,0,1,0
SCHOOLCRAFT_INDIAN_MNGM_0004_1.csv,4. Opened to spearing 1949050 season  for 5-yr. period. (legal action) ,1949.0,0,0,0,0,0,0,0,0,1,0,0,0,0,0,0,0,0,0,0,0
KEWEENAW_BAILEY_MNGM_0001_1.csv,2. Public fishing site purchased. ,1/61 ,0,0,0,0,0,0,0,0,0,0,0,0,1,0,0,0,0,0,0,1
IRON_JINGLE_MNGM_0001_1.csv,2. Installation might be possible  near beaver dam site. ,1/48 ,0,0,0,0,0,0,0,0,0,0,0,0,1,0,0,0,0,0,0,0
ALLEGAN_LAKE16_MNGM_0003_1.csv,3. Opened to fall rainbow trout  fishing. ,1/55 ,0,0,0,0,0,0,0,0,1,0,0,0,0,0,0,0,0,0,0,1
MARQUETTE_BONEYFALLS_MNGM_0001_1.csv,1. Access acquired in 1965 and developed  in 1967. ,12/67 ,0,0,0,0,0,0,0,0,0,0,0,0,0,0,0,0,0,0,1,0
IRON_BUCK_MNGM_0001_1.csv,"2. Township park established by  Mastodon Township, providing  good public access. ",10/62 ,0,0,0,0,0,0,0,0,0,0,0,0,0,0,0,0,0,0,1,0
OAKLAND_LOWERSTRAITS_MNGM_0001_1.csv,4. Not done; no assured public access.  Lake Assoc. more concerned in funding  weed control then fish program at this  time. ,1/73 ,0,0,0,0,0,0,0,0,0,0,0,0,0,0,0,0,0,0,1,0
MONTCALM_HOLLAND_MNGM_0002_1.csv,2. Lake surveyed; panfish in poor  condition. Treat if access  obtained. ,5/69 ,0,0,0,0,0,0,0,0,0,0,0,0,0,0,0,0,0,0,1,0
DICKINSON_DYER_MNGM_0003_1.csv,1. Trout stocking being held up due  to public access. ,4/54 ,0,0,0,0,0,0,0,0,0,0,0,0,0,0,0,0,0,0,1,0
GOGEBIC_BEATONS_MNGM_0001_2.csv,12. Site developed on USFS land (1958)  Site turned over to USFS for  maintenance. ,8/62 ,0,0,0,0,0,0,0,0,0,0,0,0,1,0,0,0,0,0,0,0
MECOSTA_HORSEHEAD_MNGM_0004_1.csv,4. LSI seining completed 4/58 ,10/61 ,0,0,0,0,0,0,0,0,0,0,0,0,0,0,0,0,0,1,0,0
LUCE_PARCELLNORTH_MNGM_0002_1.csv,1. No access road July 1953 (IFR) ,1953.0,0,0,0,0,0,0,0,0,0,0,0,0,0,0,0,0,0,0,1,0
CHARLEVOIX_ADAMS_MNGM_0001_1.csv,2. Public fishing site purchased 2/61 ,12/61 ,0,0,0,0,0,0,0,0,0,0,0,0,1,0,0,0,0,0,0,1
BENZIE_DAVIS_MNGM_0002_1.csv,1. Public fishing site pur-  chased 1958 ,2/59 ,0,0,0,0,0,0,0,0,0,0,0,0,1,0,0,0,0,0,0,1
CASS_COOK_MNGM_0003_1.csv,"1. Public access acquired, letter  RS Marks to ASH, 10/28/47. ",P.H.E.10/28/ ,0,0,0,0,0,0,0,0,0,0,0,0,0,0,0,0,0,0,1,0
CASS_COOK_MNGM_0003_1.csv,12. Opened to fall fishing ,,0,0,0,0,0,0,0,0,1,0,0,0,0,0,0,0,0,0,0,1
BRANCH_NORTHRANDALL_MNGM_0003_1.csv,"1. Bluegills stocked 1934-42; .m.  S. m. bass 1937; perch 1938-39.  Lake mapped  Biol. surv. completed. Panfish,  n. pike and perch in excellent  condition.  Public access site purchased  Fish stocking program discont.  2, Creel census not conducted ",1934-37 ,0,0,0,0,0,0,0,0,0,0,0,0,1,0,0,0,0,0,1,0
CHEBOYGAN_WEBER_MNGM_0001_1.csv,9. Lake classified as trout lake  and closed to use of live bait. ,,0,0,0,0,0,0,0,0,0,0,0,0,0,1,0,0,0,0,0,0
BARAGA_PARENT_MNGM_0001_1.csv,1. Fishing site developed. ,1951 ,0,0,0,0,0,0,0,0,0,0,0,0,1,0,0,0,0,0,0,1
LIVINGSTON_ISLAND_MNGM_0003_1.csv,4. Pike marsh site poor; very little  success ,7/60 ,0,0,0,0,0,0,0,0,0,0,0,0,1,0,0,0,0,0,0,0
GOGEBIC_SUCKER_MNGM_0003_1.csv,5. Lake opened to commercial minnow  fishing. ,8/60 ,0,0,0,0,0,0,0,0,1,0,0,0,0,0,0,0,0,0,0,1
KENT_PINEISLANDBIG_MNGM_0001_1.csv,3. Public access site acquired  prior to 1960. ,12/70 ,0,0,0,0,0,0,0,0,0,0,0,0,1,0,0,0,0,0,1,0
LUCE_TROUT_MNGM_0003_1.csv,4. Levels run and BM set at proposed  dam site by B. Vollmer( LSI)  and L. Anderson( Mgt) 10/56--  earth fill with grass over-run  proposed. (Dept. Eng. put skids  under recommendations) ,1956.0,0,0,0,0,0,0,0,0,0,0,0,0,1,0,0,0,0,0,0,0
HILLSDALE_BEAR_MNGM_0001_1.csv,"1. Stocking: bgills 1937-44; 1. m. bass  1937-43; perch 1938, 39. Lake  classified and fish species noted  (see seined 10/3/50 below)  Lake mapped 1/29/43 by IFR.  Gill nets set 8/6/46. Seined 10/3/50.  Took panfish, perch, bass, bowfins,  forage fish. Public access site  purchased 7/22/46.  Public access site developed. ",8/68 ,0,0,0,0,0,0,0,0,0,0,0,0,1,0,0,0,0,0,1,0
CASS_BOGART_MNGM_0001_1.csv,2. Public access site completed.  D.J. Funds ,9/80 ,0,0,0,0,0,0,0,0,0,0,0,0,1,0,0,0,0,0,1,0
IRON_CURRY_MNGM_0003_1.csv,2. The access road to the lake  should remain unimproved due  to the low productivity potential ,10/62 ,0,0,0,0,0,0,0,0,0,0,0,0,0,0,0,0,0,0,1,0
ALGER_TRUEMAN_MNGM_0001_1.csv,8. Lake closed to use of live minnows  for bait effective 1949. ,S/1949. ,0,0,0,0,0,0,0,0,0,0,0,0,0,1,0,0,0,0,0,0
OAKLAND_COOLEY_MNGM_0003_1.csv,5. Access purchased and developed ,7/65 ,0,0,0,0,0,0,0,0,0,0,0,0,0,0,0,0,0,0,1,0
SCHOOLCRAFT_INDIAN_MNGM_0004_2.csv,"6. Gill netting & bag seining done  1952(GalbraithIFR) YP abundant;  NP, WE, RB & WS common, minnows  common, few BG observed ",1952.0,0,0,0,0,0,0,0,0,0,0,0,0,0,0,0,1,0,1,0,0
GENESSE_SILVER_MNGM_0003_1.csv,2. Early reports not favorable. Not  opened to fall fishing in 1950. Not  sufficiently tested by fishermen as  yet. Returns to fishermen very  poor. ,10/5/53 ,0,0,0,0,0,0,0,0,1,0,0,0,0,0,1,0,0,0,0,1
CLARE_LILY_MNGM_0001_1.csv,1. Lake winterkilled 1958-59.  Seining program dropped. ,5-59 ,0,0,0,0,0,0,0,0,0,0,0,0,0,0,0,0,0,1,0,0
CLARE_LILY_MNGM_0001_1.csv,"6. Access site devl. APW, 6/64 ",8/64 ,0,0,0,0,0,0,0,0,0,0,0,0,1,0,0,0,0,0,1,0
OTSEGO_OPAL_MNGM_0002_1.csv,"6. Seining completed May, 1962. ",2/81 ,0,0,0,0,0,0,0,0,0,0,0,0,0,0,0,0,0,1,0,0
KALKASKA_DAVIS_MNGM_0002_1.csv,2. 100 legal brook trout planted  1958.  3 Flies only restriction nov mash  he needed ar a letter date ,12/58 ,0,0,0,0,0,0,0,0,0,0,0,1,0,0,0,0,0,0,0,0
BARAGA_CROOKED_MNGM_0001_1.csv,"4. (REVISED) Young-of-year SM bass  taken in numerous places by seining,  1954. Fishermen report bass well  established and providing very good  fishing. ",7/54 ,0,0,0,0,0,0,0,0,0,0,0,0,0,0,1,0,0,1,0,1
OTSEGO_EMERALD_MNGM_0001_1.csv,1. Public fishing site completed ,12/66 ,0,0,0,0,0,0,0,0,0,0,0,0,1,0,0,0,0,0,0,1
BARRY_DEEPLITTLE_MNGM_0004_1.csv,2. Opened to fall fishing in 1956. ,9/57 ,0,0,0,0,0,0,0,0,1,0,0,0,0,0,0,0,0,0,0,1
ALGER_BIRCH_MNGM_0001_1.csv,1. Opened as recommended 1960 ,1960.0,0,0,0,0,0,0,0,0,1,0,0,0,0,0,0,0,0,0,0,0
GOGEBIC_DUCK_MNGM_0001_1.csv,3. Legal ingress and egress rights  obtained. Road to site developed. ,6/68 ,0,0,0,0,0,0,0,0,0,0,0,0,1,0,0,0,0,0,0,0
GOGEBIC_DUCK_MNGM_0001_1.csv,"5. Done, see fish coll. card 6/3-13/69  Surveys of 6/68 and 8/69 indicate  lake contains excellent panfish  populations; large northern pike;  SMB and LMB collected, but  representative sample not obtained.BR  7/573. Site developed but access road  title discovered faulty. Public  not permitted to reach site at  present. ",8/69 ,0,0,0,0,0,0,0,0,0,0,0,0,1,0,0,0,0,0,1,0
STJOSEPH_LEE_MNGM_0001_1.csv,1. Waterways Div. site acquired. ,5/69 ,0,0,0,0,0,0,0,0,0,0,0,0,1,0,0,0,0,0,0,0
BARRY_LONG_MNGM_0009_1.csv,3. Public access purchased ,2/67 ,0,0,0,0,0,0,0,0,0,0,0,0,0,0,0,0,0,0,1,0
LUCE_THIRD_MNGM_0002_1.csv,9. Opened as recommended. ,1967.0,0,0,0,0,0,0,0,0,1,0,0,0,0,0,0,0,0,0,0,0
LUCE_THIRD_MNGM_0002_1.csv,10. Opened as recommended. ,1968.0,0,0,0,0,0,0,0,0,1,0,0,0,0,0,0,0,0,0,0,0
CASS_BELAS_MNGM_0003_1.csv,3. Public acess site completed.  D. .J. Funds ,,0,0,0,0,0,0,0,0,0,0,0,0,1,0,0,0,0,0,0,0
IRON_GOLDEN_MNGM_0001_3.csv,1. Opened to fall rainbow fishing in  1946. ,1/21/18 ,0,0,0,0,0,0,0,0,1,0,0,0,0,0,0,0,0,0,0,1
ALCONA_BROWNLEE_MNGM_0001_1.csv,1. Disregard--present access is  adequate.  Made reintroductory stocking of  3000 1. m. bass 6/14/63 ,8/62 ,0,0,0,0,0,0,0,0,0,0,0,0,0,0,0,0,0,0,1,0
MARQUETTE_JOHNSON_MNGM_0007_1.csv,3. Fishing site purchased in '52 &  developed in '55. ,1963 ,0,0,0,0,0,0,0,0,0,0,0,0,1,0,0,0,0,0,0,1
WASHTENAW_SILVERBIG_MNGM_0001_1.csv,"2. Seining survey by LSI 9/9/62. Panfish  perch, dogfish, bheads, mud pickerel,  and carp noted. Game fish above  average in growth. Surveyed by hook  and line 5/23/63. Bgills, crappie,  bass above state avg. in growth.  Surveyed by hook and line 5/26/64.  one bgill. caught- - below avg. in  growth. ",1/73 ,0,0,0,0,0,0,0,0,0,0,0,0,0,0,0,0,0,1,0,0
KALKASKA_NORTHBLUE_MNGM_0003_1.csv,4. Lake opened to fall rainbow  fishing 1949. ,3/54 ,0,0,0,0,0,0,0,0,1,0,0,0,0,0,0,0,0,0,0,1
NEWAYGO_DIAMOND_MNGM_0001_1.csv,2. Seine collections completed  10/60  2/Surveyed 10/61 by LSI. Site  found for community project;  completion pending receipt of  LSI blueprints ,10/60 ,0,0,0,0,0,0,0,0,0,0,0,0,1,0,0,0,0,0,0,0
CLINTON_HAYWORTH_MNGM_0002_1.csv,1. Reconnaissance survey indicates  site is suitable. ,1965 ,0,0,0,0,0,0,0,0,0,0,0,0,1,0,0,0,0,0,0,0
LUCE_WHITNEY_MNGM_0002_1.csv,1. Opened as recommended. ,1950.0,0,0,0,0,0,0,0,0,1,0,0,0,0,0,0,0,0,0,0,0
MARQUETTE_LITTLE_MNGM_0003_2.csv,12. Observations made on spawning  walleyes and potential sites for reef  installation. Existing facilities  several sites located. ,4/73 ,0,0,0,0,0,0,0,0,0,0,0,0,1,0,0,0,0,0,0,0
LAKE_WOLF_MNGM_0003_1.csv,2. Seining done in Sept. 1951  before brush shelters were put in Seining repeated at designated  stations in Sept. 1953; some gill  netting and trap-netting also done.  No definite effect of brush shelters  apparent. ,1952 ,0,0,0,0,0,0,0,0,0,0,0,0,0,0,0,1,0,1,0,0
LAKE_WOLF_MNGM_0003_1.csv,"3. About 2,500 bluegills (20% young, 70% yearlings, 5% older fish) from  Big Star Lake stocked in Wolf Lake 2. (cont.) Seining repeated in September, 1954 1. 160 brush shelters installed fall,  1956, brings total to 500. ",W.R.C. & ,0,0,0,0,0,0,0,0,0,0,0,0,0,0,0,0,0,1,0,0
GOGEBIC_CROOKED_MNGM_0001_1.csv,4. There is little question of public  access to this lake at present time.  There are several boat liveries  the lake and access for others  county road. ,1/49 ,0,0,0,0,0,0,0,0,0,0,0,0,0,0,0,0,0,0,1,0
ALGER_BAYWEST_MNGM_0001_1.csv,1. Burt Twp. has developed site ,1963.0,0,0,0,0,0,0,0,0,0,0,0,0,1,0,0,0,0,0,0,0
ALGER_BAYWEST_MNGM_0001_1.csv, R13W (1961). Access also  available at coast guard station  but no boat ramp. ,,0,0,0,0,0,0,0,0,0,0,0,0,0,0,0,0,0,0,1,0
IRON_STKATHRYN_MNGM_0001_1.csv,"4. Done. Trapnetting and seining in  Aug. 1960 produced fair numbers of  bass, bluegills and fairly large  numbers of black crappies ",11/60 ,0,0,0,0,0,0,0,0,0,0,0,0,0,0,0,1,0,1,0,0
IONIA_SECTION39_MNGM_0002_1.csv,1. Reconnaissance survey indicates  site suitable ,2/64 ,0,0,0,0,0,0,0,0,0,0,0,0,1,0,0,0,0,0,0,0
SCHOOLCRAFT_SNYDER_MNGM_0003_1.csv,1. Access acquired by lease of CCI  lands in Sec. 19 ,1961.0,0,0,0,0,0,0,0,0,0,0,0,0,0,0,0,0,0,0,1,0
CLARE_GEORGE_MNGM_0003_1.csv,"4. Public Fishing Site acquired,  1961. ",10/61 ,0,0,0,0,0,0,0,0,0,0,0,0,1,0,0,0,0,0,0,1
CLARE_GEORGE_MNGM_0003_1.csv,5. Develop public fishing site./PFS ,10/61 ,0,0,0,0,0,0,0,0,0,0,0,0,1,0,0,0,0,0,0,1
OSCEOLA_WELLS_MNGM_0003_1.csv,"1. State land frontage. Access  assured.  2,3,4. No, owners opposing.  2,3,4. Owners no langer object ",9/49 ,0,0,0,0,0,0,0,0,0,0,0,0,0,0,0,0,0,0,1,0
OSCEOLA_WELLS_MNGM_0003_1.csv,"4. Opened (in91957 stocked 77157  $. 2,400 (7.5"") rainbows stocked  4/56. 2,400 (8.2)"") rainbows  stocked 11/56 ",2/56 ,0,0,0,0,0,0,0,0,1,0,0,0,0,0,0,0,0,0,0,0
OSCEOLA_WELLS_MNGM_0003_1.csv,7. Public fishing site developed  summer 1962 ,8/57 ,0,0,0,0,0,0,0,0,0,0,0,0,1,0,0,0,0,0,0,1
IONIA_SEBEWACREEK_MNGM_0002_1.csv,1. Reconnaissance survey indicates  site is suitable. ,11/63 ,0,0,0,0,0,0,0,0,0,0,0,0,1,0,0,0,0,0,0,0
LUCE_MURRAY_MNGM_0003_1.csv,"5. 37 (20"") NP, 11 (13"") LM & 39 (5"")  Bluegills seined at Seney Refuge & re-  stocked 6/7/60 (all fish free of visible  parasites). Water in lake high. ",1960.0,0,0,0,0,0,0,0,0,0,0,0,0,1,0,0,0,0,0,0,0
OAKLAND_GRASS_MNGM_0004_1.csv,5. No site suitable ,1958 ,0,0,0,0,0,0,0,0,0,0,0,0,1,0,0,0,0,0,0,0
OAKLAND_GRASS_MNGM_0004_1.csv,8. Access acquired - usable ,6/65 ,0,0,0,0,0,0,0,0,0,0,0,0,0,0,0,0,0,0,1,0
CLINTON_MUSKRAT_MNGM_0002_1.csv,1. Opened to spearing as requested ,1952 ,0,0,0,0,0,0,0,0,1,0,0,0,0,0,0,0,0,0,0,0
CLINTON_MUSKRAT_MNGM_0002_1.csv,5. Public access developed. ,1971 ,0,0,0,0,0,0,0,0,0,0,0,0,0,0,0,0,0,0,1,0
OAKLAND_GRAHAM_MNGM_0002_1.csv,2. Survey seined 4/25/61 by LSI.  Stunting of panfish indicated. Future  population studies should be by  or gill net due to unsatisfactory  seining conditions. ,7/65 ,0,0,0,0,0,0,0,0,0,0,0,0,0,0,0,0,0,1,0,0
VANBUREN_CEDAR_MNGM_0003_1.csv,4. Good returns. Opened to fall  rainbow fishing ,1950 ,0,0,0,0,0,0,0,0,1,0,0,0,0,0,0,0,0,0,0,1
MENOMINEE_LINNBECK_MNGM_0004_1.csv,3. Brook trout planted 1941; 1000  (yr); 3000(9); Discontinued--n  public access. ,1/57 ,0,0,0,0,0,0,0,0,0,0,0,0,0,0,0,0,0,0,1,0
MENOMINEE_LINNBECK_MNGM_0004_1.csv,7. Access for public assured by road  construction by Menominee Co.  Road Comm. ,,0,0,0,0,0,0,0,0,0,0,0,0,0,0,0,0,0,0,1,0
BARRY_PINE_MNGM_0003_1.csv,"4. N. pike marsh site located - may be  too small. Also, no response from the  public. (Prior to policy which would  eliminate cost-share on this lake). ",2/67 ,0,0,0,0,0,0,0,0,0,0,0,0,1,0,0,0,0,0,0,0
LUCE_SYPHON_MNGM_0003_1.csv,2. CCI property; access OK ,1950.0,0,0,0,0,0,0,0,0,0,0,0,0,0,0,0,0,0,0,1,0
LUCE_SYPHON_MNGM_0003_1.csv,8. Opened as recommended. ,1968.0,0,0,0,0,0,0,0,0,1,0,0,0,0,0,0,0,0,0,0,0
CASS_HARWOOD_MNGM_0003_1.csv,3. Lake opened to fall rainbow fishing  about 1950. Continue rainbow  stocking. ,& ,0,0,0,0,0,0,0,0,1,0,0,0,0,0,0,0,0,0,0,1
LUCE_PARCELLSOUTH_MNGM_0002_1.csv,1. No access road July 1953(IFR) ,1953.0,0,0,0,0,0,0,0,0,0,0,0,0,0,0,0,0,0,0,1,0
MISSAUKEE_MISSAUKEE_MNGM_0003_1.csv,3. Survey made. Good site but  recommend no construction until  marshland control is obtained. ,1961 ,0,0,0,0,0,0,0,0,0,0,0,0,1,0,0,0,0,0,0,0
IRON_FORTUNE_MNGM_0001_1.csv,1. Public access available through ,11/66 ,0,0,0,0,0,0,0,0,0,0,0,0,0,0,0,0,0,0,1,0
OAKLAND_LAKEVILLE_MNGM_0005_2.csv,8. Access purchased and developed ,7/65 ,0,0,0,0,0,0,0,0,0,0,0,0,0,0,0,0,0,0,1,0
BARAGA_BIRCH_MNGM_0002_1.csv,1. Site included in dedicated list  dated 2/61. ,3/62 ,0,0,0,0,0,0,0,0,0,0,0,0,1,0,0,0,0,0,0,0
KALKASKA_STARVATION_MNGM_0004_1.csv,"1. Public Fishing Site purchased  1944-2000 (A) Rainbows planted  1945-2000 (A) Rainbows planted  1946-15000 (F) Rainbows planted  1947-15000 (F) Rainbows planted R.  1948-15000 (F) Rainbows planted  1949-15000(F) Rainbows planted  1950 - 15,000 (F) rainbows ",5/55 ,0,0,0,0,0,0,0,0,0,0,0,0,1,0,0,0,0,0,0,1
KALKASKA_STARVATION_MNGM_0004_1.csv,9. Lake opened to fall rainbow  fishing 1949. ,,0,0,0,0,0,0,0,0,1,0,0,0,0,0,0,0,0,0,0,1
CASS_TWIN_MNGM_0003_1.csv,2. Opened to fall rainbow fishing  in 1949. ,1-51 ,0,0,0,0,0,0,0,0,1,0,0,0,0,0,0,0,0,0,0,1
MONTCALM_RAINBOW_MNGM_0001_1.csv,11. Public access site acquired  prior to 1960. ,,0,0,0,0,0,0,0,0,0,0,0,0,1,0,0,0,0,0,1,0
INGHAM_LANSING_MNGM_0001_1.csv,3. Seining survey conducted.  See survey summary ,12/60 ,0,0,0,0,0,0,0,0,0,0,0,0,0,0,0,0,0,1,0,0
INGHAM_LANSING_MNGM_0001_1.csv,"4. Preliminary pike marsh survey  Two sites located on private lands,  site (approx. 40 acres) recommended  for engineer survey. ",1969 ,0,0,0,0,0,0,0,0,0,0,0,0,1,0,0,0,0,0,0,0
KALAMAZOO_LEFEVER_MNGM_0003_1.csv,2. Opened to fall rainbow fishing  Good fishing returns. ,1950 ,0,0,0,0,0,0,0,0,1,0,0,0,0,0,0,0,0,0,0,1
LAKE_WOLF_MNGM_0003_2.csv,2. Seining and netting repeated ann-  ually since 1954 ,3/57 ,0,0,0,0,0,0,0,0,0,0,0,0,0,0,0,1,0,1,0,0
LAKE_WOLF_MNGM_0003_2.csv,"10. Restrictions removed, effect-  ive in 1961. ",1/61 ,0,0,0,0,0,0,0,0,0,0,0,1,0,0,0,0,0,0,0,0
GOGEBIC_CROOKED_MNGM_0001_2.csv,"7. No legal access on this lake at  present, although public is gaining  access at several points. ",1/61 ,0,0,0,0,0,0,0,0,0,0,0,0,0,0,0,0,0,0,1,0
BENZIE_LOWERHERRING_MNGM_0001_1.csv,"1. Public fishing site constructed as  APW project, 1963 ",1-64 ,0,0,0,0,0,0,0,0,0,0,0,0,1,0,0,0,0,0,0,1
BARAGA_KEEWAYDIN_MNGM_0001_1.csv,8. Public fishing site included in  dedicated list dated 2/61. ,6/70 ,0,0,0,0,0,0,0,0,0,0,0,0,1,0,0,0,0,0,0,1
NEWAYGO_BILLS_MNGM_0004_2.csv,11. LSI seining completed 5/61 ,6/62 ,0,0,0,0,0,0,0,0,0,0,0,0,0,0,0,0,0,1,0,0
LENAWEE_ALLENS_MNGM_0003_1.csv,"1. Fishery survey April 1927, Bench  crappies, and chub suckers reported.  Bluegills stocked 1938-40; largemouth  1937, 39, 40. Public access purchased  5/16/49 and 5/19/49 and developed. ",8/57 ,0,0,0,0,0,0,0,0,0,0,0,0,0,0,0,0,0,0,1,0
LUCE_RANDOLPH_MNGM_0002_1.csv,2. Opened since that date ,1961.0,0,0,0,0,0,0,0,0,1,0,0,0,0,0,0,0,0,0,0,0
TUSCOLA_MURPHY_MNGM_0003_1.csv,"4. Opened to extended fall season,  renewable annually. Comm. ",1951 ,0,0,0,0,0,0,0,0,1,0,0,0,0,0,0,0,0,0,0,0
LAPEER_BASS_MNGM_0001_1.csv,3. Live bait prohibition not made. 4. Warmwater management unsuccessful lake has practically dired up. ,,0,0,0,0,0,0,0,0,0,0,0,0,0,1,0,0,0,0,0,0
OGEMAW_JOHNSON_MNGM_0004_1.csv,4. Township developed new access site.  1969. ,,0,0,0,0,0,0,0,0,0,0,0,0,1,0,0,0,0,0,1,0
BENZIE_UPPERHERRING_MNGM_0001_1.csv,"2. Public fishing site constructed as  APW project, 1964 ",1/76 ,0,0,0,0,0,0,0,0,0,0,0,0,1,0,0,0,0,0,0,1
LUCE_MINISTIQUEBIG_MNGM_0005_2.csv,10. Staff water gauge set at old Stack  Lbr. Co. dam site( outlet of lake)  6/10/57(GÂ°S) ,1961.0,0,0,0,0,0,0,0,0,0,0,0,0,1,0,0,0,0,0,0,0
KALAMAZOO_BONNIECASTLE_MNGM_0003_1.csv," 1950-51. Some seining done in  August, 1951. ",1/67 ,0,0,0,0,0,0,0,0,0,0,0,0,0,0,0,0,0,1,0,0
KENT_CAMP_MNGM_0003_1.csv,2. Public access site acquired  prior to 1960. ,7/71 ,0,0,0,0,0,0,0,0,0,0,0,0,1,0,0,0,0,0,1,0
PRESQUE_FRANCIS_MNGM_0002_1.csv,4. Survey seining and trap netting  completed. ,12/66 ,0,0,0,0,0,0,0,0,0,0,0,0,0,0,0,1,0,1,0,0
HOUGHTON_CRYSTAL_MNGM_0001_1.csv,7. Lake opened to winter rainbow  fishing 1959. ,1959 ,0,0,0,0,0,0,0,0,1,0,0,0,0,0,0,0,0,0,0,1
KALKASKA_RAINBOW_MNGM_0003_1.csv,3. Opened to fall rainbow fishing  1949. ,4/55 ,0,0,0,0,0,0,0,0,1,0,0,0,0,0,0,0,0,0,0,1
KALKASKA_RAINBOW_MNGM_0003_1.csv,10. Flies only restriction not  necessary; might be nedded at  later date. ,1/59 ,0,0,0,0,0,0,0,0,0,0,0,1,0,0,0,0,0,0,0,0
BARAGA_KEWEENAW_MNGM_0002_2.csv,7. Netting initiated 5/30/66 & completed  6/28/66; brook trout appear to be  close to planting sites; growth mediocre. ,8/58 ,0,0,0,0,0,0,0,0,0,0,0,0,1,0,0,1,0,0,0,0
GOGEBIC_ENGLESBY_MNGM_0002_1.csv, inaccessible. ,,0,0,0,0,0,0,0,0,0,0,0,0,0,0,0,0,0,0,1,0
KENT_PRATT_MNGM_0001_1.csv,2. Public access acquired (undeveloped)EJT ,1974.0,0,0,0,0,0,0,0,0,0,0,0,0,0,0,0,0,0,0,1,0
CRAWFORD_KP_MNGM_0003_1.csv,2. Public access site being developed  still in rough condition. ,5169.0,0,0,0,0,0,0,0,0,0,0,0,0,1,0,0,0,0,0,1,0
DELTA_CORNER_MNGM_0001_1.csv,3. Public access assured via USFS  campground ,7/57 ,0,0,0,0,0,0,0,0,0,0,0,0,0,0,0,0,0,0,1,0
JACKSON_PORTGAGE_MNGM_0001_1.csv,"2. Survey conducted 11/4/57. Flooded  shoreline made seining difficult--  vegetation was very dense.  Survey conducted 9/28/64. Carp and  small perch very numerous. Fish  growth above state average.  Lake treatedwsi th rotenone 10/13-14  Very good success. Excellent public  participation. Est. 10 tons carp  removed  60,000 fing. and 23, 113 sublegal  rainbow trout stocked 1965 ",trout 19 ,0,0,0,0,0,0,0,0,0,0,0,0,0,0,0,0,0,1,0,0
STJOSEPH_FISHBIG_MNGM_0003_1.csv,2. Opened to fall rainbow trout  fishing. ,1954 ,0,0,0,0,0,0,0,0,1,0,0,0,0,0,0,0,0,0,0,1
IONIA_FRAYERCREEK_MNGM_0002_1.csv,1. Reconnaissance survey indicates  site is suitable. ,7/64 ,0,0,0,0,0,0,0,0,0,0,0,0,1,0,0,0,0,0,0,0
GRANDTRAVERSE_BASS_MNGM_0004_1.csv,2. Public fishing site installed 1961 ,1/64 ,0,0,0,0,0,0,0,0,0,0,0,0,1,0,0,0,0,0,0,1
ALLEGAN_ELY_MNGM_0003_1.csv,1. See notes and ref. card. Seining  unsuccessful ,10/61 ,0,0,0,0,0,0,0,0,0,0,0,0,0,0,0,0,0,1,0,0
KALAMAZOO_INDIAN_MNGM_0003_1.csv,6. Not done (no public access) ,9/9/69 ,0,0,0,0,0,0,0,0,0,0,0,0,0,0,0,0,0,0,1,0
KALAMAZOO_INDIAN_MNGM_0003_1.csv,8. No site suitable for pike spawning  marsh. ,8/81 ,0,0,0,0,0,0,0,0,0,0,0,0,1,0,0,0,0,0,0,0
KENT_CAMPAU_MNGM_0001_1.csv,3. Public access site acquired  prior to 1960 ,8/65 ,0,0,0,0,0,0,0,0,0,0,0,0,1,0,0,0,0,0,1,0
MARQUETTE_BEAR_MNGM_0003_1.csv,2. Returns indifferent because of  poor access and low pressure.  Trout program dropped as of 1957. ,1-59 ,0,0,0,0,0,0,0,0,0,0,0,0,0,0,0,0,0,0,1,0
SCHOOLCRAFT_MICHAUD_MNGM_0001_1.csv,3. Removing of fingerling XAXXXX  via seining impractical. ,1972 ,0,0,0,0,0,0,0,0,0,0,0,0,0,0,0,0,0,1,0,0
LIVINGSTON_HEYNER_MNGM_0002_1.csv,1. Land acquired for public access  site. As yet is undeveloped. ,1965.0,0,0,0,0,0,0,0,0,0,0,0,0,1,0,0,0,0,0,1,0
OAKLAND_CRESCENT_MNGM_0002_1.csv,2. Access purchased and developed ,7/65 ,0,0,0,0,0,0,0,0,0,0,0,0,0,0,0,0,0,0,1,0
CHIPPEWA_HULBERT_MNGM_0002_1.csv,"1. Possible access across USFS  properties to Mud Lake. Channel  between lakes navigable. Con-  tacted Robert Clayton, USFS Fish  and Game Coordinator. ",1959 ,0,0,0,0,0,0,0,0,0,0,0,0,0,0,0,0,0,0,1,0
CHIPPEWA_HULBERT_MNGM_0002_1.csv,"1. Contact Otto Heiner, operator  Hulbert Lake Resort re access.  See Notes and Ref. 11/8/59. ",2/61 ,0,0,0,0,0,0,0,0,0,0,0,0,0,0,0,0,0,0,1,0
NEWAYGO_BILLS_MNGM_0004_1.csv,"3. Three public roads, dedicated  for public access, and undedicated  public fishing site, ",9/53 ,0,0,0,0,0,0,0,0,0,0,0,0,1,0,0,0,0,0,1,1
CHEBOYGAN_HEMLOCK_MNGM_0001_1.csv,3. Opened for fall rainbow fishing. ,,0,0,0,0,0,0,0,0,1,0,0,0,0,0,0,0,0,0,0,1
DICKINSON_SPRING_MNGM_0003_1.csv,1. No public access available to date ,10/62 ,0,0,0,0,0,0,0,0,0,0,0,0,0,0,0,0,0,0,1,0
WASHTENAW_FOURMILE_MNGM_0001_1.csv,"2. Seining survey conducted 9/22,23/60  by LSI Noted bluegill, p. seed,  perch, crappie, I. m. bass, n. pike,  rock bass, bullhead, chubsucker,  dogfish. Lake attractive to anglers. ",1941 ,0,0,0,0,0,0,0,0,0,0,0,0,0,0,0,0,0,1,0,0
KENT_LIME_MNGM_0001_1.csv,2. Opened to fall rainbow fishing  in 1951. ,1954 ,0,0,0,0,0,0,0,0,1,0,0,0,0,0,0,0,0,0,0,1
KENT_LIME_MNGM_0001_1.csv,4. Public access site acquired  prior to 1960 ,8/65 ,0,0,0,0,0,0,0,0,0,0,0,0,1,0,0,0,0,0,1,0
BARAGA_KING_MNGM_0001_1.csv,"3. Site developed in Sec. 26, T. 48N,  R. 33W. ",9-63 ,0,0,0,0,0,0,0,0,0,0,0,0,1,0,0,0,0,0,0,0
HOUGHTON_WEBBER_MNGM_0004_1.csv,3. Seining in 1953 showed bluegills  and largemouth to be established  and reproducing. ,9/1953 ,0,0,0,0,0,0,0,0,0,0,0,0,0,0,0,0,0,1,0,0
LUCE_PEANUT_MNGM_0001_1.csv,3. CCI properties not for sale. Policy:  to allow free public access. Access  OK at present ,1948.0,0,0,0,0,0,0,0,0,0,0,0,0,0,0,0,0,0,0,1,0
SCHOOLCRAFT_ASHFORD_MNGM_0003_2.csv,11. Public access site developed under ,1964.0,0,0,0,0,0,0,0,0,0,0,0,0,1,0,0,0,0,0,1,0
SCHOOLCRAFT_ASHFORD_MNGM_0003_2.csv,"14. Opened, 1968 ",1968.0,0,0,0,0,0,0,0,0,1,0,0,0,0,0,0,0,0,0,0,0
VANBUREN_FISH_MNGM_0003_1.csv,2. Public fishing site developed '63 ,10/63 ,0,0,0,0,0,0,0,0,0,0,0,0,1,0,0,0,0,0,0,1
LUCE_WOLF_MNGM_0002_1.csv,2. Opened to commercial minnow  seining 1954 ,1954.0,0,0,0,0,0,0,0,0,1,0,0,0,0,0,0,0,0,1,0,0
LAPEER_LONG_MNGM_0004_1.csv,3. Seining impossible due to excess  vegetation so trap and fyke nets  used. Game fish made up about half  of take. Wicklund questioned if bgill  would respond to thinning and perhaps  complete erad. needed; but recommended  go ahead with thinning on basis of  seining surv. and growth analysis ,62 ,0,0,0,0,0,0,0,0,0,0,0,0,0,0,0,0,0,1,0,0
LAPEER_LONG_MNGM_0004_1.csv,5. Survey seining attempted spring of  1963 but both hauls ineffective. ,9/26 ,0,0,0,0,0,0,0,0,0,0,0,0,0,0,0,0,0,1,0,0
MASON_BASS_MNGM_0001_1.csv,1. LSI seining completed 5/58. ,1/61 ,0,0,0,0,0,0,0,0,0,0,0,0,0,0,0,0,0,1,0,0
MASON_BASS_MNGM_0001_1.csv,3. No suitable site exists. ,12/71 ,0,0,0,0,0,0,0,0,0,0,0,0,1,0,0,0,0,0,0,0
KENT_SCRAM_MNGM_0002_1.csv,12. Management discontinued until  public access is improved. ,7/71 ,0,0,0,0,0,0,0,0,0,0,0,0,0,0,0,0,0,0,1,0
MACKINAC_MUDLITTLE_MNGM_0002_1.csv,1. Opened as recommended 1950 ,1950.0,0,0,0,0,0,0,0,0,1,0,0,0,0,0,0,0,0,0,0,0
CASS_MAGICIAN_MNGM_0001_1.csv,2. Public fishing site purchased &  developed. ,12/62 ,0,0,0,0,0,0,0,0,0,0,0,0,1,0,0,0,0,0,0,1
BARAGA_NED_MNGM_0002_1.csv,1. Public fishing site included in  dedicated list dated 2/61. ,2/63 ,0,0,0,0,0,0,0,0,0,0,0,0,1,0,0,0,0,0,0,1
BARAGA_KEWEENAW_MNGM_0002_1.csv,"4. Sites in T51N, R33W, Sec. 3 and  R32W, Sec. 33 included in dedicated  list dated 2/61. ",3/62 ,0,0,0,0,0,0,0,0,0,0,0,0,1,0,0,0,0,0,0,0
BARAGA_KEWEENAW_MNGM_0002_1.csv,6. Netting initiated 5/30/66 and  6/28/66; brook trout appear to be  close to planting sites; growth is mediocre. ,10/66 ,0,0,0,0,0,0,0,0,0,0,0,0,1,0,0,1,0,0,0,0
IRON_SPREE_MNGM_0001_1.csv,3. Done. Walk-in access only. ,12/74 ,0,0,0,0,0,0,0,0,0,0,0,0,0,0,0,0,0,0,1,0
BARRY_CLEAR_MNGM_0003_1.csv,3. Public fish. site acquired 1952 ,3464 ,0,0,0,0,0,0,0,0,0,0,0,0,1,0,0,0,0,0,0,0
IRON_BALCOMB_MNGM_0002_1.csv,2. Seining done in 1956 failed to  produce any evidence of survival  of L.M. black bass planted in 1954 ,11/66 ,0,0,0,0,0,0,0,0,0,0,0,0,0,0,0,0,0,1,0,0
LAKE_BUSH_MNGM_0004_1.csv,3. Access assured by public roads. ,9/54 ,0,0,0,0,0,0,0,0,0,0,0,0,0,0,0,0,0,0,1,0
LUCE_BODI_MNGM_0002_1.csv,3. Seining ops. 7/25/57 produced  few small bluegills. ,1957 ,0,0,0,0,0,0,0,0,0,0,0,0,0,0,0,0,0,1,0,0
SCHOOLCRAFT_DODGE_MNGM_0003_1.csv,7. Pub. fish. site purchase1/23/54  (Vic. Mark-Lands) ,1954.0,0,0,0,0,0,0,0,0,0,0,0,0,1,0,0,0,0,0,0,0
SCHOOLCRAFT_DODGE_MNGM_0003_1.csv,7. Pub. fish. site dev. 1956-57(PFS) ,1954.0,0,0,0,0,0,0,0,0,0,0,0,0,1,0,0,0,0,0,0,0
SCHOOLCRAFT_DODGE_MNGM_0003_1.csv,9. Opened to fall fishing for rainbow  1958 ,1957.0,0,0,0,0,0,0,0,0,1,0,0,0,0,0,0,0,0,0,0,1
SCHOOLCRAFT_DODGE_MNGM_0003_1.csv,10. Opened to winter fishing for  rainbow 1959-60 ,1958.0,0,0,0,0,0,0,0,0,1,0,0,0,0,0,0,0,0,0,0,1
ALGER_HOWES_MNGM_0001_1.csv,1. Opened to commercial minnow seining beginning 1951 ,1950.0,0,0,0,0,0,0,0,0,1,0,1,0,0,0,0,0,0,1,0,0
LIVINGSTON_WOODLAND_MNGM_0003_1.csv,10. No pike marsh site found on lake ,2/69 ,0,0,0,0,0,0,0,0,0,0,0,0,1,0,0,0,0,0,0,0
BERRIEN_JARVIS_MNGM_0003_1.csv,1. Free access denied-disregard  recommendation. ,1/62 ,0,0,0,0,0,0,0,0,0,0,0,0,0,0,0,0,0,0,1,0
SAGINAW_SHADYNOOKIMPOUNDMENT_MNGM_0002_1.csv,1. Reconnaissance survey indicates  site is suitable. ,1965.0,0,0,0,0,0,0,0,0,0,0,0,0,1,0,0,0,0,0,0,0
BERRIEN_BLACK_MNGM_0002_1.csv,1. Unable to gain access for equip. ,9/62 ,0,0,0,0,0,0,0,0,0,0,0,0,0,0,0,0,0,0,1,0
GOGEBIC_COUNTYLINE_MNGM_0001_1.csv,2. Site acquired and developed ,1-52 ,0,0,0,0,0,0,0,0,0,0,0,0,1,0,0,0,0,0,0,0
WASHTENAW_CAVANAUGH_MNGM_0001_1.csv, August 1944. County Park on  south end of lake assures public  access. ,,0,0,0,0,0,0,0,0,0,0,0,0,0,0,0,0,0,0,1,0
BARAGA_RUTH_MNGM_0001_1.csv,4. Site included in dedicated list  dated 2/61. ,2/63 ,0,0,0,0,0,0,0,0,0,0,0,0,1,0,0,0,0,0,0,0
LUCE_BUCKEYE_MNGM_0003_1.csv,3. Public allowed access over CCI  property- - CCI policy ,1948 ,0,0,0,0,0,0,0,0,0,0,0,0,0,0,0,0,0,0,1,0
LUCE_BUCKEYE_MNGM_0003_1.csv,5. Opened to fall rainbow fishing ,A 1950 ,0,0,0,0,0,0,0,0,1,0,0,0,0,0,0,0,0,0,0,1
VANBUREN_BANKSON_MNGM_0003_1.csv,2. Public fishing site purchased in ,8/61 ,0,0,0,0,0,0,0,0,0,0,0,0,1,0,0,0,0,0,0,1
IRON_DEER_MNGM_0001_2.csv,11. Site completed 1963. ,10/64 ,0,0,0,0,0,0,0,0,0,0,0,0,1,0,0,0,0,0,0,0
LUCE_NONAMESOUTHEAST_MNGM_0002_1.csv,1. Opened as recommended 1962 ,1962.0,0,0,0,0,0,0,0,0,1,0,0,0,0,0,0,0,0,0,0,0
MARQUETTE_ARFELIN_MNGM_0003_1.csv,4. Public fishing site acquired. ,1956 ,0,0,0,0,0,0,0,0,0,0,0,0,1,0,0,0,0,0,0,1
VANBUREN_SCOTT_MNGM_0003_1.csv,1. Public fishing site purchased. ,1-61 ,0,0,0,0,0,0,0,0,0,0,0,0,1,0,0,0,0,0,0,1
GOGEBIC_ELBOW_MNGM_0001_1.csv,3. Access developed by USFS ,12/65 ,0,0,0,0,0,0,0,0,0,0,0,0,0,0,0,0,0,0,1,0
MONTCALM_HALFMOON_MNGM_0003_1.csv,3. Opened to fall rainbow fishing ,9/53 ,0,0,0,0,0,0,0,0,1,0,0,0,0,0,0,0,0,0,0,1
MONTCALM_HALFMOON_MNGM_0003_1.csv,8. Public access site acquired  prior to 1960. ,1972 ,0,0,0,0,0,0,0,0,0,0,0,0,1,0,0,0,0,0,1,0
HOUGHTON_LOWERDAM_MNGM_0001_2.csv, survival appears low. Creel census  shows site use low. ,,0,0,0,0,0,0,0,0,0,0,0,0,1,0,0,0,0,0,0,0
MACKINAC_MANISTIQUESOUTH_MNGM_0003_1.csv,8. A site purchased 1949 in Sec. 36  (Ferris). Site purchased 1950 in  Sec. 25(Wolf) ,1951.0,0,0,0,0,0,0,0,0,0,0,0,0,1,0,0,0,0,0,0,0
MACKINAC_MANISTIQUESOUTH_MNGM_0003_1.csv,8. Limited pub. access guaranteed on  two streets in Curtis subdivision  near Wright's Resort (see lett. file) ,1951.0,0,0,0,0,0,0,0,0,0,0,0,0,0,0,0,0,1,0,1,0
OTSEGO_TWENTYSEVEN_MNGM_0001_1.csv,3. Seining completed 5/62 ,8/62 ,0,0,0,0,0,0,0,0,0,0,0,0,0,0,0,0,0,1,0,0
MONTCALM_HEMMINGWAY_MNGM_0002_1.csv,"1. Public access site acquired, but  not developed. ",1972.0,0,0,0,0,0,0,0,0,0,0,0,0,1,0,0,0,0,0,1,0
BARRY_THORNAPPLE_MNGM_0001_1.csv,2. Public access developed 1963 ,1967 ,0,0,0,0,0,0,0,0,0,0,0,0,0,0,0,0,0,0,1,0
MACKINAC_KNOB_MNGM_0002_1.csv,1. No access road; only 3-foot deep  (Babbitt 1960) LSI ,1960.0,0,0,0,0,0,0,0,0,0,0,0,0,0,0,0,0,0,0,1,0
LUCE_KAKS_MNGM_0002_1.csv,1. Public fishing site completed  1951. ,1951 ,0,0,0,0,0,0,0,0,0,0,0,0,1,0,0,0,0,0,0,1
CHIPPEWA_BOBBYGAY_MNGM_0003_1.csv,1. LM bass and PS sunfish stocked  1941. Perch and bluegills reported  by CO W. McDonald. Access poor  (see notes and refs. 8/31/50). ,1950.0,0,0,0,0,0,0,0,0,0,0,0,0,0,0,0,0,0,0,1,0
ISABELLA_LITTLEFIELD_MNGM_0001_1.csv,7. Lake opened to winter rainbow  trout fishing. ,1/60 ,0,0,0,0,0,0,0,0,1,0,0,0,0,0,0,0,0,0,0,1
MARQUETTE_SPORLEY_MNGM_0004_1.csv,1. Changed to trout lake class in 1948.  Use of live minnows for bait  prohibited. ,2/18/48 ,0,0,0,0,0,0,0,0,0,0,0,0,0,1,0,0,0,0,0,0
OTSEGO_MARJORY_MNGM_0001_1.csv,1. Survey seining and trap netting  completed. ,10/61 ,0,0,0,0,0,0,0,0,0,0,0,0,0,0,0,1,0,1,0,0
LAPEER_NEPESSING_MNGM_0003_1.csv,3. Seining indicated slow growing  bluegill and perch.  Electrofishing indicated stunted  panfish and an overly abundant  pop. of large carp. ,11/58 ,0,0,0,0,0,0,0,0,0,0,0,0,0,0,0,0,0,1,0,1
GLADWIN_WIGGINS_MNGM_0003_1.csv,8. Survey completed. Suitable site ,4/74 ,0,0,0,0,0,0,0,0,0,0,0,0,1,0,0,0,0,0,0,0
MONTCALM_WHITEFISHLITTLE_MNGM_0001_1.csv,4. Public access site acquired prior  to 1960 ,8/65 ,0,0,0,0,0,0,0,0,0,0,0,0,1,0,0,0,0,0,1,0
SCHOOLCRAFT_PETES_MNGM_0001_1.csv,"7. LSI Sec. removed Hode shelters  Sunken Island & deposited in deeper  water 7/63. (LSI)  MISC: 6/29/72 With rangers John Kanjava  Bruce Berkos, USFS, checked lake for  of shelters, and demonstrated how to  'Teepee Type"" shelters. Shelters to be  singly or in groups of 6 or 8 depending ",1963.0,0,0,0,0,0,0,0,0,0,0,0,0,1,0,0,0,0,0,0,0
DICKINSON_BASS_MNGM_0003_1.csv,1. Brush shelters not installed  pending access road to lake. ,12/55 ,0,0,0,0,0,0,0,0,0,0,0,0,0,0,0,0,0,0,1,0
DICKINSON_BASS_MNGM_0003_1.csv,1. Public fishing site completed  1958. 250 hood type shelters  installed 1958. ,2/59 ,0,0,0,0,0,0,0,0,0,0,0,0,1,0,0,0,0,0,0,1
STJOSEPH_PLEASANTLITTLE_MNGM_0001_1.csv,"1. 1,500 legal-sized rainbows  stocked 1949.  Opened to fall rainbow fishing. ",1951 ,0,0,0,0,0,0,0,0,1,0,0,0,0,0,0,0,0,0,0,1
LAKE_HARPER_MNGM_0004_1.csv,"3. Option taken by Bosma, 1950.  Public access obtained. ",11/50 ,0,0,0,0,0,0,0,0,0,0,0,0,0,0,0,0,0,0,1,0
LAKE_HARPER_MNGM_0004_1.csv,"4. Opened to fall fishing 1951.  5, 7. Collections made in summer, 1954.  No trout netted, none reported caught  in 1954, few in 1953. ",11/50 ,0,0,0,0,0,0,0,0,1,0,0,0,0,0,0,0,0,0,0,1
SAGINAW_GRATIOTSAGINAWIMPOUND_MNGM_0002_1.csv,1.R connaissance survey indicates  site is suitable. ,1965.0,0,0,0,0,0,0,0,0,0,0,0,0,1,0,0,0,0,0,0,0
LUCE_BASS_MNGM_0003_1.csv,4. Opened to winter fishing for  rainbow Jan.-Feb.-Dec. 1960g  Jan.-Feb. 1961 ,1/61 ,0,0,0,0,0,0,0,0,1,0,0,0,0,0,0,0,0,0,0,1
LUCE_BASS_MNGM_0003_1.csv,7. Opened as recommended 1955 ,4/61 ,0,0,0,0,0,0,0,0,1,0,0,0,0,0,0,0,0,0,0,0
LUCE_BASS_MNGM_0003_1.csv,8. Opened as recommended 1955 ,1955 ,0,0,0,0,0,0,0,0,1,0,0,0,0,0,0,0,0,0,0,0
LUCE_BASS_MNGM_0003_1.csv,11. Opened as recommended 1960 1967 ,1956 ,0,0,0,0,0,0,0,0,1,0,0,0,0,0,0,0,0,0,0,0
MONTCALM_CRYSTAL_MNGM_0001_1.csv,5. Public access site acquired  prior to 1960. ,1969 ,0,0,0,0,0,0,0,0,0,0,0,0,1,0,0,0,0,0,1,0
MARQUETTE_ISLAND_MNGM_0003_1.csv,"6. Use of live minnows for bait  prohibited. as of January 1, (cont) ",12/1952 ,0,0,0,0,0,0,0,0,0,0,0,0,0,1,0,0,0,0,0,0
IRON_ROBINSON_MNGM_0003_1.csv,2. 92 brush shelters installed 1953. 3. Done. Site not usable at present 4. Lake surveyed. Stunted panfish  population present. ,1949 ,0,0,0,0,0,0,0,0,0,0,0,0,1,0,0,0,0,0,0,0
MACKINAC_MILAKOKIA_MNGM_0001_2.csv,7. Public fishing site developed 1955-  1956; taken over as a forestry camp  site in 1957. ,1957 ,0,0,0,0,0,0,0,0,0,0,0,0,1,0,0,0,0,0,0,1
KENT_QUIGGLE_MNGM_0002_2.csv,15. Survey not completed - public  access not assured. ,1/72 ,0,0,0,0,0,0,0,0,0,0,0,0,0,0,0,0,0,0,1,0
STJOSEPH_MIDDLE_MNGM_0003_1.csv,2. Opened to fall rainbow fishing. ,1954 ,0,0,0,0,0,0,0,0,1,0,0,0,0,0,0,0,0,0,0,1
STJOSEPH_MIDDLE_MNGM_0003_1.csv,3. Test netting revealed presence of  northern pike. Lake lacs public  access. ,,0,0,0,0,0,0,0,0,0,0,0,0,0,0,0,1,0,0,1,0
MARQUETTE_CAMPFIVE_MNGM_0003_1.csv,6. No fish planted since 1954 - public  access denied. ,10/54 ,0,0,0,0,0,0,0,0,0,0,0,0,0,0,0,0,0,0,1,0
KENT_REEDS_MNGM_0001_1.csv,"2. Attempted seining, unsuccessful  because of marl and trash ",7/64 ,0,0,0,0,0,0,0,0,0,0,0,0,0,0,0,0,0,1,0,0
MONTCALM_HORSESHOE_MNGM_0004_1.csv,7. Public access site acquired  prior to 1960 ,8/66 ,0,0,0,0,0,0,0,0,0,0,0,0,1,0,0,0,0,0,1,0
OTSEGO_DIXON_MNGM_0001_1.csv,5. Seining completed 7/62. ,8/62 ,0,0,0,0,0,0,0,0,0,0,0,0,0,0,0,0,0,1,0,0
MENOMINEE_HERMANSVILLE_MNGM_0001_1.csv,2. Seining along the shore in 1955  produced several young-of-the-  year L.M. Black Bass and blue-  gills. ,12/55 ,0,0,0,0,0,0,0,0,0,0,0,0,0,0,0,0,0,1,0,0
MENOMINEE_HERMANSVILLE_MNGM_0001_1.csv,2. Winter check in 1956 revealed poor  oxygen conditions. Winterkill  on bass and bluegills observed  in spring of 1956. Seining in  late summer did not produce  any young-of- the-year bass or  bluegills. ,1956 ,0,0,0,0,0,0,0,0,0,0,0,0,0,0,0,0,0,1,0,0
MENOMINEE_HERMANSVILLE_MNGM_0001_1.csv,"4. Seining with a common sense seine  produced numerous young-of-the-  year bluegills, ",1/62 ,0,0,0,0,0,0,0,0,0,0,0,0,0,0,0,0,0,1,0,0
MONTMORENCY_WOLFLITTLE_MNGM_0001_1.csv,9. Seining completed. ,12/62 ,0,0,0,0,0,0,0,0,0,0,0,0,0,0,0,0,0,1,0,0
CASS_BUNKER_MNGM_0003_1.csv,2. No evaluation accomplished.  Previous access (private) no longer  available. ,2/68 ,0,0,0,0,0,0,0,0,0,0,0,0,0,0,0,0,0,0,1,0
SHIAWASSEE_HOPKINS_MNGM_0003_1.csv,5. Seining survey conducted.  See survey summary ,12/60 ,0,0,0,0,0,0,0,0,0,0,0,0,0,0,0,0,0,1,0,0
LUCE_DONUT_MNGM_0002_1.csv,1. Opened as recommended 1950 ,1950.0,0,0,0,0,0,0,0,0,1,0,0,0,0,0,0,0,0,0,0,0
MACKINAC_WOLF_MNGM_0002_1.csv,1. Opened as recommended 1952 ,1952.0,0,0,0,0,0,0,0,0,1,0,0,0,0,0,0,0,0,0,0,0
MACKINAC_MANISTIQUESOUTH_MNGM_0003_2.csv,8. Site on Sec. 36 developed 1957 ,1957.0,0,0,0,0,0,0,0,0,0,0,0,0,1,0,0,0,0,0,0,0
MACKINAC_MANISTIQUESOUTH_MNGM_0003_2.csv,20. Opened as recommended. ,1967.0,0,0,0,0,0,0,0,0,1,0,0,0,0,0,0,0,0,0,0,0
ALGER_JOHNS_MNGM_0001_1.csv,1. Opened as recommended 1962 ,1962.0,0,0,0,0,0,0,0,0,1,0,0,0,0,0,0,0,0,0,0,0
ALCONA_JEWEL_MNGM_0001_1.csv,"1. Done--large population of small,  young bluegills  Disregard. USFS access adequate ",2/62 ,0,0,0,0,0,0,0,0,0,0,0,0,0,0,0,0,0,0,1,0
ALPENA_BEAVER_MNGM_0001_1.csv,3.50 groups of 5 per group of hoad  shelters installed during spring  of '57 .  Seining completed June 1962 ,1957 ,0,0,0,0,0,0,0,0,0,0,0,0,0,0,0,0,0,1,0,0
BARRY_DUNCAN_MNGM_0003_1.csv,2. Access acquired 1955. Improved  site 1961. ,12/61 ,0,0,0,0,0,0,0,0,0,0,0,0,1,0,0,0,0,0,1,0
MASON_EDEN_MNGM_0003_1.csv,3. Unable to secure suitable access. ,,0,0,0,0,0,0,0,0,0,0,0,0,0,0,0,0,0,0,1,0
BRANCH_ARCHER_MNGM_0001_1.csv,3. Search for public access site in-  augerated. ,1948 ,0,0,0,0,0,0,0,0,0,0,0,0,1,0,0,0,0,0,1,0
BRANCH_ARCHER_MNGM_0001_1.csv,4. Public fishing site purchased ,1948 ,0,0,0,0,0,0,0,0,0,0,0,0,1,0,0,0,0,0,0,1
MONTCALM_MUSKELLUNGE_MNGM_0001_1.csv,4. Public access site acquired  prior to 1960. ,8/69 ,0,0,0,0,0,0,0,0,0,0,0,0,1,0,0,0,0,0,1,0
KALAMAZOO_HAMPTON_MNGM_0003_1.csv,4. Opened to fall rainbow fishing  in 1955. ,1971 ,0,0,0,0,0,0,0,0,1,0,0,0,0,0,0,0,0,0,0,1
CASS_PINE_MNGM_0003_1.csv,2. Still considered private insofar  as public access is concerned ,8/19/5 ,0,0,0,0,0,0,0,0,0,0,0,0,0,0,0,0,0,0,1,0
LENAWEE_DEVILS_MNGM_0001_1.csv,"1.m.b. 1937-40, 44, 45; perch 1939.  site purchased 1951. Lake mapped by I.  Jan-Feb., 1948. Lake inventoried July  n. pike, perch, 1.m.b., bluegills,  white bass, suckers, and forage fish ",assess ,0,0,0,0,0,0,0,0,0,0,0,0,1,0,0,0,0,0,0,0
KENT_QUIGGLE_MNGM_0002_1.csv,3. Opened to fall rainbow fishing ,8/65 ,0,0,0,0,0,0,0,0,1,0,0,0,0,0,0,0,0,0,0,1
GOGEBIC_BARB_MNGM_0001_1.csv, inaccessible. ,12/80 ,0,0,0,0,0,0,0,0,0,0,0,0,0,0,0,0,0,0,1,0
HILLSDALE_LONG_MNGM_0004_1.csv,2. Public access site purchased  10/24/61 ,7/64 ,0,0,0,0,0,0,0,0,0,0,0,0,1,0,0,0,0,0,1,0
HILLSDALE_LONG_MNGM_0004_1.csv,3. Public access site improved  6/24/64 under APW program ,7/64 ,0,0,0,0,0,0,0,0,0,0,0,0,1,0,0,0,0,0,1,0
CALHOUN_LEE_MNGM_0001_1.csv,4. Not opened to fall fishing 1950. ,1951 ,0,0,0,0,0,0,0,0,1,0,0,0,0,0,0,0,0,0,0,1
CALHOUN_LEE_MNGM_0001_1.csv,6. Opened to fall fishing 1951. ,1956 ,0,0,0,0,0,0,0,0,1,0,0,0,0,0,0,0,0,0,0,1
CALHOUN_LEE_MNGM_0001_1.csv,11. Opened to special winter season  1960. Very few trout taken through  the ice. ,,0,0,0,0,0,0,0,0,1,0,0,0,0,0,0,0,0,0,0,0
CALHOUN_LEE_MNGM_0001_1.csv,12. Survey seined bY LSI 5/29/62.  Seining difficult and not effective  One trout taken. n. pike and 1. m.  bass fishing reported fair. No  recommendations at this time ,,0,0,0,0,0,0,0,0,0,0,0,0,0,0,0,0,0,1,0,1
CLARE_LOWERNESTER_MNGM_0002_1.csv,2. Access site developed 6/64 ,8/64 ,0,0,0,0,0,0,0,0,0,0,0,0,1,0,0,0,0,0,1,0
CASS_ROBBINS_MNGM_0003_1.csv,2. Opened to fall rainbow fishing  in 1950. ,1/67 ,0,0,0,0,0,0,0,0,1,0,0,0,0,0,0,0,0,0,0,1
PRESQUE_BEARDEN_MNGM_0001_1.csv,5. Dam and poisoning followed through.  Closed to use of live bait. ,,0,0,0,0,0,0,0,0,0,0,0,0,0,1,0,0,0,0,0,0
ANTRIM_INTERMEDIATE_MNGM_0001_1.csv,"2. Planted 2,000 legal- sized rain-  bow trout, 1944, '45 and '46.  Opened to fall rainbow fishing ",1/69 ,0,0,0,0,0,0,0,0,1,0,0,0,0,0,0,0,0,0,0,1
CHEBOYGAN_SILVER_MNGM_0001_1.csv,3. Public fishing site developed. ,1/29/46 ,0,0,0,0,0,0,0,0,0,0,0,0,1,0,0,0,0,0,0,1
CHIPPEWA_GRAVEL_MNGM_0002_1.csv,1. Drove to lake overland (access  to cottage by way of Lake Huron - bass  reported. ,1951.0,0,0,0,0,0,0,0,0,0,0,0,0,0,0,0,0,0,0,1,0
IONIA_LONG_MNGM_0001_1.csv,4. Public access site acquired prior  to 1960. ,3/56 ,0,0,0,0,0,0,0,0,0,0,0,0,1,0,0,0,0,0,1,0
DELTA_BILLYGOOD_MNGM_0003_1.csv,"2. Seining & angling by C. Long,  6-3-53 failed to produce any bass.  Anglers' reports indicate no bass  have been captured, following in-  troduction in 1949. Hence, #2  under recommendations should be  put into effect. ",,0,0,0,0,0,0,0,0,0,0,0,0,0,0,0,0,0,1,0,0
CLARE_DEER_MNGM_0002_1.csv,1. Status of lake now private. Do  not map until assured access. ,12/60 ,0,0,0,0,0,0,0,0,0,0,0,0,0,0,0,0,0,0,1,0
KALAMAZOO_EAGLE_MNGM_0004_1.csv,2. Public fishing site purchased  July 1952. ,1-61 ,0,0,0,0,0,0,0,0,0,0,0,0,1,0,0,0,0,0,0,1
CLARE_THIRTEEN_MNGM_0003_1.csv,1. Survey seining cancelled due to  private nature of lake. ,7/59 ,0,0,0,0,0,0,0,0,0,0,0,0,0,0,0,0,0,1,0,0
MACKINAC_CRAWFIN_MNGM_0002_1.csv,1. Opened as recommended 1952 ,1952.0,0,0,0,0,0,0,0,0,1,0,0,0,0,0,0,0,0,0,0,0
MACKINAC_SAND_MNGM_0004_1.csv,1. Opened as recommended 1952. ,1952.0,0,0,0,0,0,0,0,0,1,0,0,0,0,0,0,0,0,0,0,0
BARRY_LEECH_MNGM_0001_1.csv,3. Public access purchased and  developed. ,2/67 ,0,0,0,0,0,0,0,0,0,0,0,0,0,0,0,0,0,0,1,0
SCHOOLCRAFT_CLEAR_MNGM_0003_2.csv,12. Opened 1968. ,1968 ,0,0,0,0,0,0,0,0,1,0,0,0,0,0,0,0,0,0,0,0
OAKLAND_LONG_MNGM_0001_1.csv,2. Access purchased and developed ,7/13/65 ,0,0,0,0,0,0,0,0,0,0,0,0,0,0,0,0,0,0,1,0
IRON_CABLE_MNGM_0001_1.csv,"3. Access bei ng provided by APW  project to state-owned lot on east  side of lake. Proj. to be completed  by Oct. 31, 1963. ",10/63 ,0,0,0,0,0,0,0,0,0,0,0,0,0,0,0,0,0,0,1,0
MENOMINEE_DEEP_MNGM_0001_1.csv,"1. Done. Good n. pike population, fair  warmwater pop; access difficult. ",12/68 ,0,0,0,0,0,0,0,0,0,0,0,0,0,0,0,0,0,0,1,0
SCHOOLCRAFT_CARPENTER_MNGM_0003_1.csv,2. No public access. Land owned  by several parties. ,,0,0,0,0,0,0,0,0,0,0,0,0,0,0,0,0,0,0,1,0
ALGER_MCCOMB_MNGM_0001_1.csv,2. Recommendation #2 cancelled  4 & 5. No action to date. Public  frontage (USFS) not usable for  access. Fishing pressure relatively ,1/66 ,0,0,0,0,0,0,0,0,0,0,0,0,0,0,0,0,0,0,1,1
OAKLAND_LOTUS_MNGM_0003_1.csv,4. Access purchased and developed ,7/65 ,0,0,0,0,0,0,0,0,0,0,0,0,0,0,0,0,0,0,1,0
ANTRIM_BIRCH_MNGM_0001_1.csv,3. Seining completed May 1962. ,1/7/64 ,0,0,0,0,0,0,0,0,0,0,0,0,0,0,0,0,0,1,0,0
ANTRIM_BIRCH_MNGM_0001_1.csv,"5. Public fishing site completed  October, 1963. ",3/69 ,0,0,0,0,0,0,0,0,0,0,0,0,1,0,0,0,0,0,0,1
SCHOOLCRAFT_CRESCENT_MNGM_0002_1.csv,1. Opened beaver dam and lowered ,10/59 ,0,0,0,0,0,0,0,0,1,0,0,0,0,0,0,0,0,0,0,0
SCHOOLCRAFT_NINETEEN_MNGM_0001_2.csv,6. Road improved to site between Bear  and Iron Jaw by Fire Sect. in  cooperation with USFS fall 1965.  (USFS plans site on east side of  lake 1967) ,1965.0,0,0,0,0,0,0,0,0,0,0,0,0,1,0,0,0,0,0,0,0
SCHOOLCRAFT_NINETEEN_MNGM_0001_2.csv,12. Opened 1968. ,1968.0,0,0,0,0,0,0,0,0,1,0,0,0,0,0,0,0,0,0,0,0
CASS_LITTLEFISH_MNGM_0003_1.csv,3. Opened to fall rainbow fishing  in 1953. ,1954 ,0,0,0,0,0,0,0,0,1,0,0,0,0,0,0,0,0,0,0,1
MACKINAC_RYERSE_MNGM_0002_1.csv,1. Opened as recommended 1952 ,1952.0,0,0,0,0,0,0,0,0,1,0,0,0,0,0,0,0,0,0,0,0
KENT_BASS_MNGM_0002_1.csv,8. Public access site acquired  prior to 1960. ,8/68 ,0,0,0,0,0,0,0,0,0,0,0,0,1,0,0,0,0,0,1,0
DICKINSON_MARY_MNGM_0001_1.csv,"3. Opened to fall spearing of  cisco, 1945. ",11/28/5 ,0,0,0,0,0,0,0,0,1,0,0,0,0,0,0,0,0,0,0,0
CALHOUN_TURTLE_MNGM_0003_1.csv,"3. Seining survey conducted 9/16, 19/60  by LSI. Panfish, perch, bass, suckers,  gar and forage fish. Growth rate  as or below state average. ",4/63 ,0,0,0,0,0,0,0,0,0,0,0,0,0,0,0,0,0,1,0,0
KALKASKA_BIGBLUE_MNGM_0003_2.csv,10. Seining in 1961 was unsuccess-  ful; did not get a population  analysis. ,8/62 ,0,0,0,0,0,0,0,0,0,0,0,0,0,0,0,0,0,1,0,0
MARQUETTE_COOPER_MNGM_0003_1.csv,3. Property owners opposed to public  access. ,1954 ,0,0,0,0,0,0,0,0,0,0,0,0,0,0,0,0,0,0,1,0
BRANCH_MARBLE_MNGM_0005_2.csv," by Engineering Division. Search for  appropriate site to continue, ",1970 ,0,0,0,0,0,0,0,0,0,0,0,0,1,0,0,0,0,0,0,0
CALHOUN_UPPERBRACE_MNGM_0001_1.csv,"1. Bluegills stocked 1937, 39.  Public access site purchased  P. A. S. developed. ",12/60 ,0,0,0,0,0,0,0,0,0,0,0,0,1,0,0,0,0,0,1,0
CALHOUN_UPPERBRACE_MNGM_0001_1.csv,3. Seining survey 9/20/60 by LSI  Fish below state avg. in growth. ,1962 ,0,0,0,0,0,0,0,0,0,0,0,0,0,0,0,0,0,1,0,0
MARQUETTE_TILDEN_MNGM_0003_1.csv,"2. Large lake trout collected by  IFR party in 1951. Designated a  trout lake and use of live fish  bait prohibited as of January 1,  1953. ",1953 ,0,0,0,0,0,0,0,0,0,0,0,0,0,1,0,0,0,0,0,0
SCHOOLCRAFT_MCDONALD_MNGM_0003_1.csv,2. Site developed 1961 (PFS) ,1953 ,0,0,0,0,0,0,0,0,0,0,0,0,1,0,0,0,0,0,0,0
MARQUETTE_LOG_MNGM_0002_1.csv,8. No access acquired to date.  9 No stocking since 1957  No access acquired to date. ,9/58 ,0,0,0,0,0,0,0,0,0,0,0,0,0,0,0,0,0,0,1,0
HILLSDALE_LONG_MNGM_0003_1.csv,2. Public access site purchased  11/23/60 ,6/64 ,0,0,0,0,0,0,0,0,0,0,0,0,1,0,0,0,0,0,1,0
HILLSDALE_LONG_MNGM_0003_1.csv,3. Public access site developed under  APW program 4/24/65 ,1964 ,0,0,0,0,0,0,0,0,0,0,0,0,1,0,0,0,0,0,1,0
LIVINGSTON_CROOKED_MNGM_0005_1.csv,1. No trout have been planted pending  assured access. Unable to secure  public access ,1950.0,0,0,0,0,0,0,0,0,0,0,0,0,0,0,0,0,0,0,1,0
LIVINGSTON_CROOKED_MNGM_0005_1.csv,5. Public access acquired ,,0,0,0,0,0,0,0,0,0,0,0,0,0,0,0,0,0,0,1,0
LIVINGSTON_CROOKED_MNGM_0005_1.csv,6. Access site developed ,,0,0,0,0,0,0,0,0,0,0,0,0,1,0,0,0,0,0,1,0
MACKINAC_SPRING_MNGM_0003_1.csv,2. Observations made (Anderson).  No place to tie in fill; cost  unwarranted. Reported as good  trout fishing when flooded. Access  road in poor shape. ,1956.0,0,0,0,0,0,0,0,0,0,0,0,0,0,0,0,0,0,0,1,1
MECOSTA_HAYMARSH1TO6_MNGM_0003_1.csv,"2. Opened until April 1, 1956  under special permit 2/9 ",2/56 ,0,0,0,0,0,0,0,0,1,0,0,0,0,0,0,0,0,0,0,0
MECOSTA_HAYMARSH1TO6_MNGM_0003_1.csv,"4. Opened until April 1, 1956 under special permit 2625 ",3/58 ,0,0,0,0,0,0,0,0,1,0,0,0,0,0,0,0,0,0,0,0
ALLEGAN_LITTLEJOHN_MNGM_0003_1.csv,3. Opened to fall rainbow trout ,4/71 ,0,0,0,0,0,0,0,0,1,0,0,0,0,0,0,0,0,0,0,0
DICKINSON_FLOODWOOD_MNGM_0003_1.csv,4. Checked by seining. No bass or bluegills observed or collected. ,1945 ,0,0,0,0,0,0,0,0,0,0,0,0,0,0,0,0,0,1,0,0
DICKINSON_FLOODWOOD_MNGM_0003_1.csv,7. Gillnetting and seining in 1956  produced ample evidence of the  presence of Lm Bass ,1957 ,0,0,0,0,0,0,0,0,0,0,0,0,0,0,0,1,0,1,0,0
ALLEGAN_SHEFFER_MNGM_0002_1.csv,1. Site purchased 1956 ,4/64 ,0,0,0,0,0,0,0,0,0,0,0,0,1,0,0,0,0,0,0,0
GRANDTRAVERSE_CEDARHEDGE_MNGM_0003_1.csv,"2. Reports of good pike fishing. No  public access, therefore no. 1 under  recommendations is valid. ",12-60 ,0,0,0,0,0,0,0,0,0,0,0,0,0,0,0,0,0,0,1,1
GRANDTRAVERSE_CEDARHEDGE_MNGM_0003_1.csv,2. Public fishing site purchased  1960. ,3/67 ,0,0,0,0,0,0,0,0,0,0,0,0,1,0,0,0,0,0,0,1
GRANDTRAVERSE_CEDARHEDGE_MNGM_0003_1.csv,3. Public access site completed ,1/69 ,0,0,0,0,0,0,0,0,0,0,0,0,1,0,0,0,0,0,1,0
OAKLAND_LOON_MNGM_0001_1.csv,6. Access purchased and developed ,7/65 ,0,0,0,0,0,0,0,0,0,0,0,0,0,0,0,0,0,0,1,0
GOGEBIC_JENNINGS_MNGM_0003_1.csv,5. No access available as of 1/1/51 ,,0,0,0,0,0,0,0,0,0,0,0,0,0,0,0,0,0,0,1,0
HOUGHTON_BOB_MNGM_0001_1.csv,8. Done. No site close to lake. ,1966 ,0,0,0,0,0,0,0,0,0,0,0,0,1,0,0,0,0,0,0,0
MONTCALM_TAMARACK_MNGM_0001_1.csv,1. Public access site acquired prior  to 1960 ,8/65 ,0,0,0,0,0,0,0,0,0,0,0,0,1,0,0,0,0,0,1,0
OSCEOLA_SUNRISE_MNGM_0003_1.csv,"1. Public fishing site purchased by  Commission Jan., 1949 ",2/49 ,0,0,0,0,0,0,0,0,0,0,0,0,1,0,0,0,0,0,0,1
OSCEOLA_SUNRISE_MNGM_0003_1.csv,3. Opened to fall fishing 1950. ,150 ,0,0,0,0,0,0,0,0,1,0,0,0,0,0,0,0,0,0,0,1
KENT_PINEISLANDLITTLE_MNGM_0001_1.csv,12. Management discontinued until  improved public access is provided. ,,0,0,0,0,0,0,0,0,0,0,0,0,0,0,0,0,0,0,1,0
LUCE_TWIN_MNGM_0003_1.csv,2. Public access acquired 1967 ,1967 ,0,0,0,0,0,0,0,0,0,0,0,0,0,0,0,0,0,0,1,0
KENT_MURRY_MNGM_0001_1.csv,5. Public access site acquired prior  to 1960. ,1/72 ,0,0,0,0,0,0,0,0,0,0,0,0,1,0,0,0,0,0,1,0
LUCE_LONG_MNGM_0003_1.csv,4. Opened as recommended 1959  2a. Disregard. ,1959 ,0,0,0,0,0,0,0,0,1,0,0,0,0,0,0,0,0,0,0,0
DICKINSON_PICKEREL_MNGM_0001_1.csv,2. Public access acquired. ,3/15/55 ,0,0,0,0,0,0,0,0,0,0,0,0,0,0,0,0,0,0,1,0
DICKINSON_PICKEREL_MNGM_0001_1.csv,3. Gillnetting and seining along  the shore failed to reveal any  survival of L.M. Bass fingerling  planted in 1954. ,12/60 ,0,0,0,0,0,0,0,0,0,0,0,0,0,0,0,1,0,1,0,0
LUCE_TAHQUAMENON_MNGM_0004_1.csv,1. Opened as recommended 1961 ,1961.0,0,0,0,0,0,0,0,0,1,0,0,0,0,0,0,0,0,0,0,0
KALAMAZOO_DUSTIN_MNGM_0003_1.csv, of 1950-51. Some seining done in  1951. Largemouth bass and bluegills  collected. ,2/73 ,0,0,0,0,0,0,0,0,0,0,0,0,0,0,0,0,0,1,0,0
DELTA_ROUND_MNGM_0006_1.csv,3. Access site acquired 1959 and  developed in 1963 ,3-64 ,0,0,0,0,0,0,0,0,0,0,0,0,1,0,0,0,0,0,1,0
IRON_MADELYN_MNGM_0001_1.csv,4. Done. Walk-in access only. ,12/7L ,0,0,0,0,0,0,0,0,0,0,0,0,0,0,0,0,0,0,1,0
ANTRIM_BASS_MNGM_0001_1.csv,2. Seining completed May 1962 ,9/63 ,0,0,0,0,0,0,0,0,0,0,0,0,0,0,0,0,0,1,0,0
PRESQUE_FERDELMAN_MNGM_0001_1.csv,1. Seining completed 6/62 ,8/62 ,0,0,0,0,0,0,0,0,0,0,0,0,0,0,0,0,0,1,0,0
PRESQUE_FERDELMAN_MNGM_0001_1.csv,4. Completed fall 1963. No site  available. ,11/64 ,0,0,0,0,0,0,0,0,0,0,0,0,1,0,0,0,0,0,0,0
SCHOOLCRAFT_DRIGGS_MNGM_0003_1.csv,"1. Attempts to acquire lands for  forest campsite made by E. Hall,  Dist. Forester, Grand Sable Forest  1960 ",1960.0,0,0,0,0,0,0,0,0,0,0,0,0,1,0,0,0,0,0,0,0
SCHOOLCRAFT_DRIGGS_MNGM_0003_1.csv,"1. Attempts to acquire lands for public  fishing site made by M. Gerred,  Lands Div. 1961 (Obs. made by  Gerred & LRA 1961) ",1961.0,0,0,0,0,0,0,0,0,0,0,0,0,1,0,0,0,0,0,0,1
MONTCALM_MONTCALM_MNGM_0001_1.csv,1. Public access site acquired prior  to 1960. ,10/71 ,0,0,0,0,0,0,0,0,0,0,0,0,1,0,0,0,0,0,1,0
SCHOOLCRAFT_NINETEEN_MNGM_0001_1.csv,4. Lake so classified and posted against  use of live bait. ,1954 ,0,0,0,0,0,0,0,0,0,0,0,0,0,1,0,0,0,0,0,0
MONTMORENCY_GAYLANTA_MNGM_0001_1.csv,"1. Treated lake, salvage seining  done. ",9/60 ,0,0,0,0,0,0,0,0,0,0,0,0,0,0,0,0,0,1,0,0
MONTMORENCY_GAYLANTA_MNGM_0001_1.csv,5. Public fishing site purchased  11/61 ,12/61 ,0,0,0,0,0,0,0,0,0,0,0,0,1,0,0,0,0,0,0,1
MONTMORENCY_GAYLANTA_MNGM_0001_1.csv,6. Site developed in 1964-5 ,12/66 ,0,0,0,0,0,0,0,0,0,0,0,0,1,0,0,0,0,0,0,0
OAKLAND_BIG_MNGM_0003_1.csv,4. Access purchased & developed ,7/65 ,0,0,0,0,0,0,0,0,0,0,0,0,0,0,0,0,0,0,1,0
ALGER_DEADMANS_MNGM_0001_1.csv,2. Opened for com. minnow purposes  1952  3'. Inventoried 7/13/60 (Mgt) ,1952.0,0,0,0,0,0,0,0,0,1,0,0,0,0,0,0,0,0,0,0,0
BRANCH_MARBLE_MNGM_0005_1.csv,"3. Volunteer creel census, also some  seining; with no recoveries of  marked bluegifis. ",1948 ,0,0,0,0,0,0,0,0,0,0,0,0,0,0,0,0,0,1,0,0
KALKASKA_BIGBLUE_MNGM_0003_1.csv,4. Lake opened to fall rainbow  fishing 1949 ,2/56 ,0,0,0,0,0,0,0,0,1,0,0,0,0,0,0,0,0,0,0,1
KALAMAZOO_AUSTIN_MNGM_0003_1.csv,6. Pike spawning marsh site avail.  proposal submitted for approval ,2/73 ,0,0,0,0,0,0,0,0,0,0,0,0,1,0,0,0,0,0,0,0
KALAMAZOO_AUSTIN_MNGM_0003_1.csv,"8. Site purchased 10/67, developed in  1972. ",12/75 ,0,0,0,0,0,0,0,0,0,0,0,0,1,0,0,0,0,0,0,0
VANBUREN_WOLF_MNGM_0005_1.csv,"3. Opened to fall rainbow fishing,  1949.  Opened to public fishing, 1946  Stocking Record.  1947--150 tagged rainbows  1,000 Dorsal rainbows  1948--1,200 Adipose rainbows  1949--1,200 (A) rainbows  Creel Census returns indicate that  fishing is only fair, and poor  returns from rainbow plantings. ",9/9/69 ,0,0,0,0,0,0,0,0,1,0,0,0,0,0,0,0,0,0,0,1
MARQUETTE_LOG_MNGM_0002_2.csv, numbers of competing species found  9a. Walk-in access available. ,4/78 ,0,0,0,0,0,0,0,0,0,0,0,0,0,0,0,0,0,0,1,0
KENT_LINCOLN_MNGM_0005_1.csv,4. Public access site acquired prior  to 1960 ,1/71 ,0,0,0,0,0,0,0,0,0,0,0,0,1,0,0,0,0,0,1,0
CASS_SHAVEHEAD_MNGM_0002_1.csv,3. Opened to fall rainbow fishing. ,11-53 ,0,0,0,0,0,0,0,0,1,0,0,0,0,0,0,0,0,0,0,1
CASS_SHAVEHEAD_MNGM_0002_1.csv,9. Good township site and boat launch  developed. ,9/75 ,0,0,0,0,0,0,0,0,0,0,0,0,1,0,0,0,0,0,0,0
BARRY_MIDDLE_MNGM_0003_1.csv,5. Public access site developed ,11/27/ ,0,0,0,0,0,0,0,0,0,0,0,0,1,0,0,0,0,0,1,0
IONIA_LIBHARTMIDDLE_MNGM_0002_1.csv,1. Reconnaissance survey indicates  site is suitable. ,11/63 ,0,0,0,0,0,0,0,0,0,0,0,0,1,0,0,0,0,0,0,0
MACKINAC_ENGADINEMILL_MNGM_0002_1.csv,1. Opened as recommended 1961 ,1961.0,0,0,0,0,0,0,0,0,1,0,0,0,0,0,0,0,0,0,0,0
CLARE_PERCH_MNGM_0003_1.csv,2. Survey seining cancelled due to  lack of usable public access &  decrease in fishing complaints ,7/59 ,0,0,0,0,0,0,0,0,0,0,0,0,0,0,0,0,0,1,1,1
CLARE_PERCH_MNGM_0003_1.csv,3. Site developed 1962. Closed to  camping. ,2/63 ,0,0,0,0,0,0,0,0,0,0,0,0,1,0,0,0,0,0,0,0
KALAMAZOO_RUPERT_MNGM_0003_1.csv,2. Season extended to November 30.  Good returns.  Public access acquired.  Gill netting completed in Oct. 1966.  One large brown trout taken ,1961 ,0,0,0,0,0,0,0,0,0,0,0,0,0,0,0,1,0,0,1,0
CLINTON_SLEEPYHOLLOW_MNGM_0002_1.csv,1. Reconnaissance survey indicates  site is suitable ,1965.0,0,0,0,0,0,0,0,0,0,0,0,0,1,0,0,0,0,0,0,0
LUCE_MINISTIQUEBIG_MNGM_0006_1.csv,"13. Sites developed SW corner Sec.  T45N, R11W (195-); NE corner  Sec. 16, 44-12(195-); center Sec.  44-12(195A). The latter a Curtis  community project. Co. Road  access developed by Luce Co. at  of Co. 413 & 459 (north side of  in 1961 ",1962 ,0,0,0,0,0,0,0,0,0,0,0,0,1,0,0,0,0,0,1,0
LUCE_MUSKRAT_MNGM_0001_1.csv,3. Opened as recommended 1952. ,1952 ,0,0,0,0,0,0,0,0,1,0,0,0,0,0,0,0,0,0,0,0
MONTCALM_LOON_MNGM_0004_1.csv,4. Public access site acquired  prior to 1960. ,10/71 ,0,0,0,0,0,0,0,0,0,0,0,0,1,0,0,0,0,0,1,0
KEWEENAW_GRATIOT_MNGM_0001_1.csv,4. Public fishing site purchased  and developed. ,12/62 ,0,0,0,0,0,0,0,0,0,0,0,0,1,0,0,0,0,0,0,1
KALKASKA_OXBOW_MNGM_0003_1.csv,2. Opened to fall rainbow fishing  1949. ,4/55 ,0,0,0,0,0,0,0,0,1,0,0,0,0,0,0,0,0,0,0,1
JACKSON_CLEAR_MNGM_0001_1.csv,"5. Seining survey conducted by LSI  6/16, 20/61. All species except  p. seed, below state average.  Panfish, bass, n. pike, bullheads,  perch, and forage fish. ",4/57 ,0,0,0,0,0,0,0,0,0,0,0,0,0,0,0,0,0,1,0,0
MACKINAC_GOULDCITYMILL_MNGM_0002_1.csv,1. Opened as recommended 1961 ,1961.0,0,0,0,0,0,0,0,0,1,0,0,0,0,0,0,0,0,0,0,0
STJOSEPH_NOAH_MNGM_0001_1.csv,1. Site developed in 1970. ,12/71 ,0,0,0,0,0,0,0,0,0,0,0,0,1,0,0,0,0,0,0,0
ALGER_DEER_MNGM_0001_1.csv,2. Lake trout not considered be-  cause of ready access to Lake  Superior. See recommendation  #3 across. ,10-53 ,0,0,0,0,0,0,0,0,0,0,0,0,0,0,0,0,0,0,1,0
ALGER_DEER_MNGM_0001_1.csv,4. Opened to winter season (1959-  60). Creel census taken on  pre-determined schedule. No  rainbows taken and no interest  shown. The only fishermen out  were spearing northern pike. ,3-60 ,0,0,0,0,0,0,0,0,1,0,0,0,0,0,1,0,0,0,0,0
HILLSDALE_ROUND_MNGM_0002_1.csv,2. Public access site purchased 1961. ,6/64 ,0,0,0,0,0,0,0,0,0,0,0,0,1,0,0,0,0,0,1,0
HILLSDALE_ROUND_MNGM_0002_1.csv,3. Public access site completed 4/23/64 ,6/64 ,0,0,0,0,0,0,0,0,0,0,0,0,1,0,0,0,0,0,1,0
KALAMAZOO_HOGSET_MNGM_0001_1.csv,1. Good site found however a question  on flowage rights forces postponement  at this time. ,1/67 ,0,0,0,0,0,0,0,0,0,0,0,0,1,0,0,0,0,0,0,0
HOUGHTON_CLEAR_MNGM_0004_1.csv,"2. 1949--10, 000(F) rainbows planted  Opened to fall fishing for rainbows ",1949 ,0,0,0,0,0,0,0,0,1,0,0,0,0,0,0,0,0,0,0,1
CHIPPEWA_MONACLE_MNGM_0001_1.csv,4. Access road to USFS campground  (public access) completed fall 1960. ,2/61 ,0,0,0,0,0,0,0,0,0,0,0,0,0,0,0,0,0,0,1,0
VANBUREN_SADDLE_MNGM_0001_1.csv,1. creel census (1946 on 1952) and seining records show no detrimental  effect due to regulation changes. ,1952 ,0,0,0,0,0,0,0,0,0,0,0,0,0,0,0,0,0,1,0,0
VANBUREN_SADDLE_MNGM_0001_1.csv,3. Public fishing site. ,1/61 ,0,0,0,0,0,0,0,0,0,0,0,0,1,0,0,0,0,0,0,1
LAKE_REED_MNGM_0003_2.csv,8. Opened in 1954. ,3-54 ,0,0,0,0,0,0,0,0,1,0,0,0,0,0,0,0,0,0,0,0
BRANCH_CARY_MNGM_0001_1.csv,1. m. bass 1943 & 1945. Water  for temp. dissolved oxygen and  ness. Public access site purchasedCTY  11/4/53 ,8/57 ,0,0,0,0,0,0,0,0,0,0,0,0,1,0,0,0,0,0,1,0
MACKINAC_SAND_MNGM_0002_1.csv,1. Opened as recommended 1950 ,1950.0,0,0,0,0,0,0,0,0,1,0,0,0,0,0,0,0,0,0,0,0
HOUGHTON_BOHMIER_MNGM_0002_1.csv,"1. Netting, seining, water analysis  completed. Norhting but stricklebacks  present, lake suited to trout. ",8/54 ,0,0,0,0,0,0,0,0,0,0,0,0,0,0,0,1,0,1,0,0
STJOSEPH_MUDHOLE_MNGM_0001_1.csv,1. Access site rebuilt by Waterways  in 1974. ,2/75 ,0,0,0,0,0,0,0,0,0,0,0,0,1,0,0,0,0,0,1,0
LAKE_RAINBOW_MNGM_0003_1.csv,1. Opened in 1954. ,3/54 ,0,0,0,0,0,0,0,0,1,0,0,0,0,0,0,0,0,0,0,0
CHIPPEWA_CARIBOU_MNGM_0003_1.csv,3. Land acquired on north side -  site developed 1959-60. ,11/60 ,0,0,0,0,0,0,0,0,0,0,0,0,1,0,0,0,0,0,0,0
CHIPPEWA_TROUTBIG_MNGM_0005_1.csv,"2. Observation and seining revealed  largemouth bass or bluegills.  10,000 (3"") largemouth bass planted  in 1948.  1 & 2 (cont.) 25,000 (11"") bluegills  and 10,000 (3"") largemouth planted  May 1950. ",9/10/48 ,0,0,0,0,0,0,0,0,0,0,0,0,0,0,0,0,0,1,0,0
ALGER_NEVINS_MNGM_0001_1.csv,3. Public access on lot 9. sec.  36-48-16 acquired by Lands div.  through CCI lease 1960. To be de-  veloped as State Forest campground. ,2/61 ,0,0,0,0,0,0,0,0,0,0,0,0,0,0,0,0,0,0,1,0
MARQUETTE_WITCH_MNGM_0001_1.csv,7. Opened to fall rainbow fishing  Revised ,? ,0,0,0,0,0,0,0,0,1,0,0,0,0,0,0,0,0,0,0,1
OTTAWA_PETTYSBAYOU_MNGM_0002_1.csv,1. Public access site acquired  prior to 1960. ,,0,0,0,0,0,0,0,0,0,0,0,0,1,0,0,0,0,0,1,0
GOGEBIC_CLEARWATER_MNGM_0002_1.csv,1. Fishing site purchased. ,11-60 ,0,0,0,0,0,0,0,0,0,0,0,0,1,0,0,0,0,0,0,1
GOGEBIC_CLEARWATER_MNGM_0002_1.csv,1. cont. Public fishing site dev. ,10-63 ,0,0,0,0,0,0,0,0,0,0,0,0,1,0,0,0,0,0,0,1
VANBUREN_SHAFER_MNGM_0003_1.csv,2. Opened to fall rainbow fishing  in 1953.  Gill netting completed 10/66--no  trout taken but excellent perch ,1954 ,0,0,0,0,0,0,0,0,1,0,0,0,0,0,0,1,0,0,0,1
DICKINSON_LYONS_MNGM_0003_1.csv,4. No access acquired ,,0,0,0,0,0,0,0,0,0,0,0,0,0,0,0,0,0,0,1,0
ALLEGAN_SWAN_MNGM_0003_1.csv,2. Public fishing site obtained in  1953. ,1/77 ,0,0,0,0,0,0,0,0,0,0,0,0,1,0,0,0,0,0,0,1
ALLEGAN_SWAN_MNGM_0003_1.csv,4. Access site developed by waterways  1974. ,1/77 ,0,0,0,0,0,0,0,0,0,0,0,0,1,0,0,0,0,0,1,0
MONTCALM_NEVINS_MNGM_0001_1.csv,9. Public access site acquired prior  to 1960 ,8/65 ,0,0,0,0,0,0,0,0,0,0,0,0,1,0,0,0,0,0,1,0
LIVINGSTON_CROOKED_MNGM_0003_1.csv,2. Public access acquired ,- ,0,0,0,0,0,0,0,0,0,0,0,0,0,0,0,0,0,0,1,0
LIVINGSTON_CROOKED_MNGM_0003_1.csv,3. Access site-developed. ,- ,0,0,0,0,0,0,0,0,0,0,0,0,1,0,0,0,0,0,1,0
MACKINAC_ROUND_MNGM_0003_1.csv,1. Some seining done by J. N. Lowe  9/1928 ,1961.0,0,0,0,0,0,0,0,0,0,0,0,0,0,0,0,0,0,1,0,0
CHEBOYGAN_COCHRAN_MNGM_0001_1.csv,10. Seining completed 6/62 ,,0,0,0,0,0,0,0,0,0,0,0,0,0,0,0,0,0,1,0,0
KALAMAZOO_GOURDNECK_MNGM_0003_1.csv,"4. Good site found, however, a question  on flowage rights forces postponement  at this time. ",1971 ,0,0,0,0,0,0,0,0,0,0,0,0,1,0,0,0,0,0,0,0
DELTA_CARR_MNGM_0001_1.csv,3. Fish barrier site found and pro-  ject quite feasible.  5a. Brook trout inadvertently stocked  in 1979. ,1/80 ,0,0,0,0,0,0,0,0,0,0,0,0,1,0,0,0,0,0,0,0
IRON_OTTAWA_MNGM_0001_1.csv,2. Opened to fall rainbow fishing. ,7/47 ,0,0,0,0,0,0,0,0,1,0,0,0,0,0,0,0,0,0,0,1
KEWEENAW_THAYERS_MNGM_0001_1.csv,2. Site completed by Fire Div. ; lease  from Calumet and Hecla Mining Co. ,1966 ,0,0,0,0,0,0,0,0,0,0,0,0,1,0,0,0,0,0,0,0
MARQUETTE_PENGLASSE_MNGM_0005_1.csv,"6. Department turned down exchange  proposal from owner A. Antilla  for access frontage in 1961.  A11 frontage then sold to a J.  Merritt of Plymouth, Michigan,  and lake is private. NOTE: Lake is about 35 acres instead 7 acres indicated on present card. ",1/70 the ,0,0,0,0,0,0,0,0,0,0,0,0,0,0,0,0,0,0,1,0
MARQUETTE_SPORLEY_MNGM_0005_1.csv,1. Changed to trout like class in 1948  Use of live minnows for bait pro-  hibited. Open to extended fall  rainbow season. ,9-50 ,0,0,0,0,0,0,0,0,0,0,0,0,0,1,0,0,0,0,0,0
MONTCALM_DERBY_MNGM_0001_1.csv,11. Public access site acquired  prior to 1960. ,5/70 ,0,0,0,0,0,0,0,0,0,0,0,0,1,0,0,0,0,0,1,0
HILLSDALE_BIRD_MNGM_0001_1.csv,4. Opened to fall fishing ,1951 ,0,0,0,0,0,0,0,0,1,0,0,0,0,0,0,0,0,0,0,1
IRON_LAKEIN14_MNGM_0003_1.csv,2. No trout planted to date pending  public access. ,12/51 ,0,0,0,0,0,0,0,0,0,0,0,0,0,0,0,0,0,0,1,0
LUCE_WARD_MNGM_0003_1.csv,4. Present access over leased CCI  land; new leasees may change  policies.  3a. Stocked brook trout 2000 (SL)  200(L) 1965; 2000(FF) 1966; 500  1967; 500(Y) 1968. ,1961.0,0,0,0,0,0,0,0,0,0,0,0,0,0,0,0,0,0,0,1,0
OTSEGO_HEART_MNGM_0001_1.csv,5. Lake has been opened to fall rain-  bow fishing ,1955 ,0,0,0,0,0,0,0,0,1,0,0,0,0,0,0,0,0,0,0,1
OTSEGO_HEART_MNGM_0001_1.csv,8. Survey seining & trap netting  completed ,1/74 ,0,0,0,0,0,0,0,0,0,0,0,0,0,0,0,1,0,1,0,0
CLINTON_PEETS_MNGM_0002_1.csv,1. Reconnaissance survey indicates  site is suitable. ,1965.0,0,0,0,0,0,0,0,0,0,0,0,0,1,0,0,0,0,0,0,0
SCHOOLCRAFT_TRIANGLE_MNGM_0002_1.csv,2. USFS has campground with access  East shore.  32 Managed as recommended. ,1972 ,0,0,0,0,0,0,0,0,0,0,0,0,0,0,0,0,0,0,1,0
IRON_CHICAGON_MNGM_0001_1.csv,8. Reopened ,11/60 ,0,0,0,0,0,0,0,0,1,0,0,0,0,0,0,0,0,0,0,0
BARRY_SUGARBUSH_MNGM_0003_1.csv,4. Opened to fall rainbow fishing  in 1954. ,5/79 ,0,0,0,0,0,0,0,0,1,0,0,0,0,0,0,0,0,0,0,1
LUCE_LITTLE_MNGM_0002_1.csv,"1. Small harbor of refuge developed  1962 by US Corps Eng. and Mich.  Waterway Comm. w/breakwater,  dock and 66' right of way. Access  poor. ",,0,0,0,0,0,0,0,0,0,0,0,0,0,0,0,0,0,0,1,0
BRANCH_BRONSONCEMENT_MNGM_0001_1.csv,1. Opened to unrestricted fishing  from 2/18/63 to 4/1/63 ,EHB2/21/63 ,0,0,0,0,0,0,0,0,1,0,0,0,0,0,0,0,0,0,0,1
CHEBOYGAN_KLEBERDAM_MNGM_0001_1.csv,1. Opened to spearing in 1960. ,12/62 ,0,0,0,0,0,0,0,0,1,0,0,0,0,0,0,0,0,0,0,0
CHEBOYGAN_KLEBERDAM_MNGM_0001_1.csv,2. Opened to hook and line fishing  year around in 1963. ,12/62 ,0,0,0,0,0,0,0,0,1,0,0,0,0,0,0,0,0,0,0,1
BARRY_STEWART_MNGM_0003_1.csv,2. Lake not seined because of lack  of access. ,EW8/22/61 ,0,0,0,0,0,0,0,0,0,0,0,0,0,0,0,0,0,0,1,0
CHIPPEWA_NAOMIKONG_MNGM_0003_1.csv, bench mark placed in location  of possible dam site fall 1956. ,12/56 ,0,0,0,0,0,0,0,0,0,0,0,0,1,0,0,0,0,0,0,0
ALGER_WISE_MNGM_0001_1.csv,1. Opened as recommended 1959 ,1959.0,0,0,0,0,0,0,0,0,1,0,0,0,0,0,0,0,0,0,0,0
CASS_KIRK_MNGM_0001_1.csv,3. Publ ic access site redone.  D.J. Funds ,9/80 ,0,0,0,0,0,0,0,0,0,0,0,0,1,0,0,0,0,0,1,0
OAKLAND_CEDAR_MNGM_0003_1.csv,3. Access purchased and developed ,2/70 ,0,0,0,0,0,0,0,0,0,0,0,0,0,0,0,0,0,0,1,0
OTTAWA_CROCKERYCREEKIMP_MNGM_0002_1.csv,1. Reconnaissance survey indicates  site is suitable. ,11/63 ,0,0,0,0,0,0,0,0,0,0,0,0,1,0,0,0,0,0,0,0
SCHOOLCRAFT_BOOT_MNGM_0003_1.csv,4. Site developed on SW side of lake  in 1960. ,1960.0,0,0,0,0,0,0,0,0,0,0,0,0,1,0,0,0,0,0,0,0
MONTMORENCY_LONG_MNGM_0001_1.csv,7. Survey seining and trap netting  completed. ,,0,0,0,0,0,0,0,0,0,0,0,0,0,0,0,1,0,1,0,0
MARQUETTE_HAMPTON_MNGM_0001_1.csv,2. Access site developed about 1965. ,CFL ,0,0,0,0,0,0,0,0,0,0,0,0,1,0,0,0,0,0,1,0
GRANDTRAVERSE_ELLIS_MNGM_0002_1.csv,1. Public fishing site purchased. ,12-60 ,0,0,0,0,0,0,0,0,0,0,0,0,1,0,0,0,0,0,0,1
GRANDTRAVERSE_ELLIS_MNGM_0002_1.csv,2. Public access site developed in  1965. ,3/67 ,0,0,0,0,0,0,0,0,0,0,0,0,1,0,0,0,0,0,1,0
